,Year,Sex,Party,Constituency_Name,Party_Type_TCPD,Turncoat,Incumbent,Result
0,2019,1,24,11,3,1,1,1
1,2019,1,16,11,3,1,1,0
2,2019,1,7,11,3,1,1,0
3,2019,2,52,11,2,0,0,0
4,2019,1,27,11,0,1,1,0
5,2019,1,11,11,5,1,1,0
6,2019,1,27,11,0,1,1,0
7,2019,1,27,11,0,1,1,0
8,2019,1,27,11,0,1,1,0
9,2019,1,27,11,0,1,1,0
10,2019,1,24,10,3,1,1,1
11,2019,0,16,10,3,1,2,0
12,2019,1,7,10,3,1,1,0
13,2019,1,66,10,1,1,1,0
14,2019,2,52,10,2,0,0,0
15,2019,1,27,10,0,1,1,0
16,2019,0,75,10,5,1,1,0
17,2019,1,27,10,0,1,1,0
18,2019,0,27,10,0,1,1,0
19,2019,1,27,10,0,1,1,0
20,2019,0,27,10,0,1,1,0
21,2019,1,27,10,0,1,1,0
22,2019,0,27,10,0,1,1,0
23,2019,1,65,10,1,1,1,0
24,2019,1,24,33,3,2,1,1
25,2019,1,16,33,3,1,1,0
26,2019,1,7,33,3,1,1,0
27,2019,1,66,33,1,1,1,0
28,2019,2,52,33,2,0,0,0
29,2019,1,48,33,1,1,1,0
30,2019,1,27,33,0,1,1,0
31,2019,1,27,33,0,1,1,0
32,2019,1,27,33,0,1,1,0
33,2019,1,27,33,0,1,1,0
34,2019,1,27,33,0,1,1,0
35,2019,1,15,33,1,1,1,0
36,2019,1,27,33,0,1,1,0
37,2019,1,24,34,3,1,2,1
38,2019,1,12,34,4,1,1,0
39,2019,1,6,34,1,1,1,0
40,2019,1,66,34,1,1,1,0
41,2019,1,27,34,0,1,1,0
42,2019,1,27,34,0,1,1,0
43,2019,1,11,34,5,1,1,0
44,2019,1,27,34,0,1,1,0
45,2019,1,27,34,0,1,1,0
46,2019,2,52,34,2,0,0,0
47,2019,1,27,34,0,1,1,0
48,2019,1,27,34,0,1,1,0
49,2019,0,15,34,1,1,1,0
50,2019,1,27,34,0,1,1,0
51,2019,1,27,34,0,1,1,0
52,2019,1,5,34,1,1,1,0
53,2019,1,27,34,0,1,1,0
54,2019,1,65,34,1,1,1,0
55,2019,1,27,34,0,1,1,0
56,2019,1,27,34,0,1,1,0
57,2019,1,81,34,1,1,1,0
58,2019,1,24,14,3,1,2,1
59,2019,1,16,14,3,1,1,0
60,2019,1,7,14,3,1,1,0
61,2019,2,52,14,2,0,0,0
62,2019,1,11,14,5,1,1,0
63,2019,1,27,14,0,1,1,0
64,2019,1,27,14,0,1,1,0
65,2019,1,75,14,5,1,1,0
66,2019,1,27,14,0,1,1,0
67,2019,1,27,14,0,1,1,0
68,2019,1,27,14,0,1,1,0
69,2019,0,27,14,0,1,1,0
70,2019,1,27,14,0,1,1,0
71,2019,1,27,14,0,1,1,0
72,2019,1,27,14,0,1,1,0
73,2019,1,30,15,4,1,2,1
74,2019,1,16,15,3,1,1,0
75,2019,1,7,15,3,1,1,0
76,2019,1,66,15,1,1,1,0
77,2019,2,52,15,2,0,0,0
78,2019,1,27,15,0,1,1,0
79,2019,1,11,15,5,1,1,0
80,2019,1,27,15,0,1,1,0
81,2019,1,27,15,0,1,1,0
82,2019,1,30,26,4,1,2,1
83,2019,1,27,26,0,1,1,0
84,2019,0,7,26,3,1,1,0
85,2019,1,66,26,1,1,1,0
86,2019,0,27,26,0,1,1,0
87,2019,2,52,26,2,0,0,0
88,2019,1,27,26,0,1,1,0
89,2019,1,27,26,0,1,1,0
90,2019,1,27,26,0,1,1,0
91,2019,1,27,26,0,1,1,0
92,2019,1,27,26,0,1,1,0
93,2019,1,27,26,0,1,1,0
94,2019,0,27,26,0,1,1,0
95,2019,1,24,22,3,1,1,1
96,2019,1,16,22,3,1,2,0
97,2019,1,7,22,3,1,1,0
98,2019,2,52,22,2,0,0,0
99,2019,1,66,22,1,1,1,0
100,2019,1,27,22,0,1,1,0
101,2019,1,11,22,5,1,1,0
102,2019,1,27,22,0,1,1,0
103,2019,1,27,22,0,1,1,0
104,2019,1,27,22,0,1,1,0
105,2019,0,24,2,3,1,1,1
106,2019,1,16,2,3,1,2,0
107,2019,1,6,2,1,1,1,0
108,2019,2,52,2,2,0,0,0
109,2019,1,11,2,5,1,1,0
110,2019,1,27,2,0,1,1,0
111,2019,1,27,2,0,1,1,0
112,2019,1,24,31,3,1,1,1
113,2019,1,12,31,4,1,1,0
114,2019,1,7,31,3,1,1,0
115,2019,2,52,31,2,0,0,0
116,2019,1,11,31,5,1,1,0
117,2019,1,15,31,1,1,1,0
118,2019,1,27,31,0,1,1,0
119,2019,1,27,31,0,1,1,0
120,2019,1,27,31,0,1,1,0
121,2019,1,24,6,3,1,1,1
122,2019,1,16,6,3,1,2,0
123,2019,1,7,6,3,1,1,0
124,2019,2,52,6,2,0,0,0
125,2019,1,66,6,1,1,1,0
126,2019,1,11,6,5,1,1,0
127,2019,1,54,6,4,1,1,0
128,2019,1,27,6,0,1,1,0
129,2019,1,27,6,0,1,1,0
130,2019,0,75,6,5,1,1,0
131,2019,1,44,6,1,1,1,0
132,2019,1,27,6,0,1,1,0
133,2019,1,27,6,0,1,1,0
134,2019,0,27,6,0,1,1,0
135,2019,1,24,8,3,1,1,1
136,2019,1,16,8,3,1,1,0
137,2019,1,7,8,3,1,1,0
138,2019,2,52,8,2,0,0,0
139,2019,1,66,8,1,1,1,0
140,2019,1,11,8,5,1,1,0
141,2019,1,70,8,1,1,1,0
142,2019,1,4,8,1,1,1,0
143,2019,0,27,8,0,1,1,0
144,2019,1,27,8,0,1,1,0
145,2019,1,27,8,0,1,1,0
146,2019,3,27,8,0,1,1,0
147,2019,1,15,8,1,1,1,0
148,2019,1,63,8,1,1,1,0
149,2019,1,24,9,3,1,1,1
150,2019,1,27,9,0,1,2,0
151,2019,1,6,9,1,1,1,0
152,2019,2,52,9,2,0,0,0
153,2019,1,11,9,5,1,1,0
154,2019,0,27,9,0,1,1,0
155,2019,1,79,9,1,1,1,0
156,2019,1,27,9,0,1,1,0
157,2019,1,27,9,0,1,1,0
158,2019,1,41,13,4,1,1,1
159,2019,1,16,13,3,1,1,0
160,2019,1,39,13,4,2,1,0
161,2019,1,11,13,5,1,1,0
162,2019,2,52,13,2,0,0,0
163,2019,1,75,13,5,1,1,0
164,2019,1,27,13,0,1,1,0
165,2019,1,27,13,0,1,1,0
166,2019,1,16,1,3,1,1,1
167,2019,0,24,1,3,1,1,0
168,2019,1,7,1,3,1,1,0
169,2019,2,52,1,2,0,0,0
170,2019,1,66,1,1,1,1,0
171,2019,1,11,1,5,1,1,0
172,2019,1,4,1,1,1,1,0
173,2019,1,54,1,4,1,1,0
174,2019,1,75,1,5,1,1,0
175,2019,1,27,1,0,1,1,0
176,2019,1,27,1,0,1,1,0
177,2019,1,27,1,0,1,1,0
178,2019,1,27,1,0,1,1,0
179,2019,1,24,18,3,1,2,1
180,2019,1,12,18,4,1,1,0
181,2019,1,6,18,1,1,1,0
182,2019,2,52,18,2,0,0,0
183,2019,1,11,18,5,1,1,0
184,2019,1,27,18,0,1,1,0
185,2019,0,27,18,0,1,1,0
186,2019,1,75,18,5,1,1,0
187,2019,1,27,18,0,1,1,0
188,2019,1,27,18,0,1,1,0
189,2019,1,27,18,0,1,1,0
190,2019,1,24,24,3,1,2,1
191,2019,0,16,24,3,1,1,0
192,2019,1,7,24,3,1,1,0
193,2019,1,11,24,5,1,1,0
194,2019,2,52,24,2,0,0,0
195,2019,0,27,24,0,1,1,0
196,2019,1,4,24,1,1,1,0
197,2019,1,75,24,5,1,1,0
198,2019,1,27,24,0,1,1,0
199,2019,1,61,12,4,1,2,1
200,2019,1,16,12,3,1,1,0
201,2019,1,7,12,3,1,1,0
202,2019,2,52,12,2,0,0,0
203,2019,1,27,12,0,1,1,0
204,2019,1,27,12,0,1,1,0
205,2019,0,75,12,5,1,1,0
206,2019,1,27,12,0,1,1,0
207,2019,1,27,12,0,1,1,0
208,2019,1,27,12,0,1,1,0
209,2019,1,24,5,3,1,1,1
210,2019,1,16,5,3,1,2,0
211,2019,0,7,5,3,1,1,0
212,2019,2,52,5,2,0,0,0
213,2019,1,27,5,0,1,1,0
214,2019,1,66,5,1,1,1,0
215,2019,1,11,5,5,1,1,0
216,2019,1,27,5,0,1,1,0
217,2019,0,27,5,0,1,1,0
218,2019,1,27,5,0,1,1,0
219,2019,1,27,5,0,1,1,0
220,2019,1,27,5,0,1,1,0
221,2019,1,27,5,0,1,1,0
222,2019,1,27,5,0,1,1,0
223,2019,1,27,5,0,1,1,0
224,2019,0,27,5,0,1,1,0
225,2019,1,27,5,0,1,1,0
226,2019,1,27,5,0,1,1,0
227,2019,1,27,5,0,1,1,0
228,2019,1,27,5,0,1,1,0
229,2019,1,24,30,3,1,2,1
230,2019,1,7,30,3,1,1,0
231,2019,1,12,30,4,1,1,0
232,2019,2,52,30,2,0,0,0
233,2019,1,27,30,0,1,1,0
234,2019,1,11,30,5,1,1,0
235,2019,1,27,30,0,1,1,0
236,2019,1,55,30,1,1,1,0
237,2019,1,27,30,0,1,1,0
238,2019,1,27,30,0,1,1,0
239,2019,0,75,30,5,1,1,0
240,2019,1,27,30,0,1,1,0
241,2019,1,27,30,0,1,1,0
242,2019,1,27,30,0,1,1,0
243,2019,1,27,30,0,1,1,0
244,2019,1,27,30,0,1,1,0
245,2019,1,27,30,0,1,1,0
246,2019,1,27,30,0,1,1,0
247,2021,1,30,15,4,1,1,1
248,2021,1,16,15,3,1,1,0
249,2021,1,7,15,3,2,1,0
250,2021,1,66,15,1,1,1,0
251,2021,1,27,15,0,1,1,0
252,2021,1,27,15,0,1,1,0
254,2014,1,16,11,3,1,2,1
255,2014,1,24,11,3,1,1,0
256,2014,1,7,11,3,1,1,0
257,2014,1,66,11,1,1,1,0
258,2014,2,52,11,2,0,0,0
259,2014,1,0,11,5,1,1,0
260,2014,1,27,11,0,1,1,0
261,2014,1,11,11,5,1,1,0
262,2014,1,27,11,0,1,1,0
263,2014,1,27,11,0,1,1,0
264,2014,1,27,11,0,1,1,0
265,2014,1,27,11,0,1,1,0
266,2014,1,27,11,0,1,1,0
267,2014,1,27,11,0,1,1,0
268,2014,1,1,11,4,1,1,0
269,2014,0,16,10,3,1,1,1
270,2014,1,24,10,3,1,2,0
271,2014,1,7,10,3,1,1,0
272,2014,1,66,10,1,1,1,0
273,2014,2,52,10,2,0,0,0
274,2014,1,0,10,5,1,1,0
275,2014,1,27,10,0,1,1,0
276,2014,1,27,10,0,1,1,0
277,2014,1,27,10,0,1,1,0
278,2014,1,11,10,5,1,1,0
279,2014,1,15,10,1,1,1,0
280,2014,0,27,10,0,1,1,0
281,2014,1,24,33,3,1,2,1
282,2014,1,16,33,3,1,1,0
283,2014,1,7,33,3,1,1,0
284,2014,1,27,33,0,1,1,0
285,2014,1,66,33,1,1,1,0
286,2014,1,0,33,5,1,1,0
287,2014,2,52,33,2,0,0,0
288,2014,1,27,33,0,1,1,0
289,2014,1,11,33,5,1,1,0
290,2014,1,27,33,0,1,1,0
291,2014,1,27,33,0,1,1,0
292,2014,0,15,33,1,1,1,0
293,2014,1,24,34,3,1,2,1
294,2014,1,12,34,4,1,1,0
295,2014,1,7,34,3,1,1,0
296,2014,1,27,34,0,1,1,0
297,2014,1,66,34,1,1,1,0
298,2014,0,80,34,1,1,1,0
299,2014,2,52,34,2,0,0,0
300,2014,1,0,34,5,1,1,0
301,2014,1,27,34,0,1,1,0
302,2014,1,27,34,0,1,1,0
303,2014,1,27,34,0,1,1,0
304,2014,1,11,34,5,1,1,0
305,2014,1,27,34,0,1,1,0
306,2014,1,15,34,1,1,1,0
307,2014,1,27,34,0,1,1,0
308,2014,1,1,34,4,1,1,0
309,2014,1,24,14,3,1,2,1
310,2014,1,16,14,3,1,1,0
311,2014,1,7,14,3,1,1,0
312,2014,1,0,14,5,1,1,0
313,2014,1,66,14,1,1,1,0
314,2014,1,27,14,0,1,1,0
315,2014,2,52,14,2,0,0,0
316,2014,1,27,14,0,1,1,0
317,2014,1,27,14,0,1,1,0
318,2014,1,27,14,0,1,1,0
319,2014,1,11,14,5,1,1,0
320,2014,1,27,14,0,1,1,0
321,2014,1,27,14,0,1,1,0
322,2014,1,27,14,0,1,1,0
323,2014,1,30,15,4,2,2,1
324,2014,0,16,15,3,1,1,0
325,2014,1,7,15,3,1,1,0
326,2014,1,66,15,1,1,1,0
327,2014,1,80,15,1,1,1,0
328,2014,2,52,15,2,0,0,0
329,2014,1,11,15,5,1,1,0
330,2014,1,27,15,0,1,1,0
331,2014,1,27,15,0,1,1,0
332,2014,1,27,15,0,1,1,0
333,2014,1,27,15,0,1,1,0
334,2014,1,30,26,4,2,2,1
335,2014,1,27,26,0,1,1,0
336,2014,1,7,26,3,1,1,0
337,2014,1,66,26,1,1,1,0
338,2014,1,27,26,0,1,1,0
339,2014,1,0,26,5,1,1,0
340,2014,2,52,26,2,0,0,0
341,2014,1,27,26,0,1,1,0
342,2014,0,27,26,0,1,1,0
343,2014,1,11,26,5,1,1,0
344,2014,1,27,26,0,1,1,0
345,2014,1,27,26,0,1,1,0
346,2014,1,16,22,3,1,2,1
347,2014,1,68,22,1,2,1,0
348,2014,0,7,22,3,1,1,0
349,2014,1,66,22,1,1,1,0
350,2014,2,52,22,2,0,0,0
351,2014,1,80,22,1,1,1,0
352,2014,1,0,22,5,1,1,0
353,2014,1,27,22,0,1,1,0
354,2014,1,67,22,4,1,1,0
355,2014,1,11,22,5,1,1,0
356,2014,1,27,22,0,1,1,0
357,2014,1,27,22,0,1,1,0
358,2014,1,27,22,0,1,1,0
359,2014,1,27,22,0,1,1,0
360,2014,1,1,22,4,1,1,0
361,2014,1,27,22,0,1,1,0
362,2014,1,16,2,3,1,2,1
363,2014,0,24,2,3,1,1,0
364,2014,1,7,2,3,1,1,0
365,2014,2,52,2,2,0,0,0
366,2014,1,66,2,1,1,1,0
367,2014,1,27,2,0,1,1,0
368,2014,0,11,2,5,1,1,0
369,2014,1,27,2,0,1,1,0
370,2014,1,27,2,0,1,1,0
371,2014,1,27,2,0,1,1,0
372,2014,1,27,2,0,1,1,0
373,2014,1,27,2,0,1,1,0
374,2014,1,27,2,0,1,1,0
375,2014,1,12,31,4,1,1,1
376,2014,1,24,31,3,1,2,0
377,2014,1,7,31,3,1,1,0
378,2014,0,0,31,5,1,1,0
379,2014,2,52,31,2,0,0,0
380,2014,0,66,31,1,1,1,0
381,2014,1,27,31,0,1,1,0
382,2014,1,27,31,0,1,1,0
383,2014,1,11,31,5,1,1,0
384,2014,1,27,31,0,1,1,0
385,2014,1,15,31,1,1,1,0
386,2014,1,33,31,4,2,1,0
387,2014,1,27,31,0,1,1,0
388,2014,1,81,31,1,1,1,0
389,2014,1,27,31,0,1,1,0
390,2014,1,27,6,0,1,1,1
391,2014,1,24,6,3,1,2,0
392,2014,1,7,6,3,1,1,0
393,2014,1,0,6,5,1,1,0
394,2014,1,66,6,1,1,1,0
395,2014,1,80,6,1,2,1,0
396,2014,2,52,6,2,0,0,0
397,2014,1,27,6,0,1,1,0
398,2014,1,27,6,0,1,1,0
399,2014,1,11,6,5,1,1,0
400,2014,1,27,6,0,1,1,0
401,2014,1,27,6,0,1,1,0
402,2014,1,67,6,4,1,1,0
403,2014,1,15,6,1,1,1,0
404,2014,1,27,6,0,1,1,0
405,2014,0,1,6,4,1,1,0
406,2014,1,24,8,3,1,2,1
407,2014,1,27,8,0,1,1,0
408,2014,1,7,8,3,1,1,0
409,2014,0,0,8,5,1,1,0
410,2014,1,27,8,0,1,1,0
411,2014,1,66,8,1,1,1,0
412,2014,2,52,8,2,0,0,0
413,2014,1,27,8,0,1,1,0
414,2014,1,71,8,1,1,1,0
415,2014,1,27,8,0,1,1,0
416,2014,1,11,8,5,1,1,0
417,2014,1,33,8,4,1,1,0
418,2014,1,27,8,0,1,1,0
419,2014,1,27,8,0,1,1,0
420,2014,1,27,8,0,1,1,0
421,2014,1,27,8,0,1,1,0
422,2014,1,15,8,1,1,1,0
423,2014,0,27,9,0,1,1,1
424,2014,1,24,9,3,1,1,0
425,2014,1,7,9,3,1,1,0
426,2014,2,52,9,2,0,0,0
427,2014,0,0,9,5,1,1,0
428,2014,1,66,9,1,1,1,0
429,2014,0,27,9,0,1,1,0
430,2014,1,15,9,1,1,1,0
431,2014,0,27,9,0,1,1,0
432,2014,1,11,9,5,1,1,0
433,2014,0,27,9,0,1,1,0
434,2014,1,27,9,0,1,1,0
435,2014,1,27,9,0,1,1,0
436,2014,1,27,9,0,1,1,0
437,2014,1,27,9,0,1,1,0
438,2014,1,27,9,0,1,1,0
439,2014,1,27,9,0,1,1,0
440,2014,1,41,13,4,1,2,1
441,2014,1,32,13,4,1,1,0
442,2014,1,27,13,0,1,1,0
443,2014,1,0,13,5,1,1,0
444,2014,2,52,13,2,0,0,0
445,2014,1,11,13,5,1,1,0
446,2014,1,66,13,1,1,1,0
447,2014,1,74,13,5,1,1,0
448,2014,1,27,13,0,1,1,0
449,2014,1,27,13,0,1,1,0
450,2014,1,15,13,1,1,1,0
451,2014,1,27,13,0,1,1,0
452,2014,1,24,1,3,1,2,1
453,2014,1,16,1,3,1,1,0
454,2014,1,62,1,1,1,1,0
455,2014,2,52,1,2,0,0,0
456,2014,1,66,1,1,1,1,0
457,2014,1,0,1,5,1,1,0
458,2014,0,74,1,5,1,1,0
459,2014,1,11,1,5,1,1,0
460,2014,1,27,1,0,1,1,0
461,2014,1,27,1,0,1,1,0
462,2014,1,27,1,0,1,1,0
463,2014,1,27,1,0,1,1,0
464,2014,1,27,1,0,1,1,0
465,2014,1,27,1,0,1,1,0
466,2014,1,24,18,3,1,2,1
467,2014,1,12,18,4,1,1,0
468,2014,1,7,18,3,1,1,0
469,2014,2,52,18,2,0,0,0
470,2014,1,66,18,1,1,1,0
471,2014,1,0,18,5,1,1,0
472,2014,0,74,18,5,1,1,0
473,2014,1,11,18,5,1,1,0
474,2014,1,27,18,0,1,1,0
475,2014,1,27,18,0,1,1,0
476,2014,1,24,24,3,1,2,1
477,2014,1,27,24,0,1,1,0
478,2014,1,7,24,3,1,1,0
479,2014,2,52,24,2,0,0,0
480,2014,1,27,24,0,1,1,0
481,2014,1,66,24,1,1,1,0
482,2014,0,11,24,5,1,1,0
483,2014,1,27,24,0,1,1,0
484,2014,0,74,24,5,1,1,0
485,2014,0,1,24,4,1,1,0
486,2014,1,27,24,0,1,1,0
487,2014,1,27,24,0,1,1,0
488,2014,1,27,24,0,1,1,0
489,2014,1,27,24,0,1,1,0
490,2014,1,69,24,1,1,1,0
491,2014,0,27,24,0,1,1,0
492,2014,1,27,24,0,1,1,0
493,2014,1,61,12,4,1,1,1
494,2014,1,16,12,3,1,1,0
495,2014,1,7,12,3,1,1,0
496,2014,1,66,12,1,1,1,0
497,2014,2,52,12,2,0,0,0
498,2014,1,11,12,5,1,1,0
499,2014,1,27,12,0,1,1,0
500,2014,1,27,12,0,1,1,0
501,2014,1,27,12,0,1,1,0
502,2014,1,27,12,0,1,1,0
503,2014,1,27,12,0,1,1,0
504,2014,1,27,12,0,1,1,0
505,2014,1,16,5,3,1,2,1
506,2014,0,24,5,3,1,1,0
507,2014,0,7,5,3,1,1,0
508,2014,1,66,5,1,1,1,0
509,2014,1,11,5,5,1,1,0
510,2014,2,52,5,2,0,0,0
511,2014,1,67,5,4,1,1,0
512,2014,0,80,5,1,1,1,0
513,2014,1,27,5,0,1,1,0
514,2014,1,27,5,0,1,1,0
515,2014,1,27,5,0,1,1,0
516,2014,1,27,5,0,1,1,0
517,2014,1,27,5,0,1,1,0
518,2014,1,60,5,4,1,1,0
519,2014,1,27,5,0,1,1,0
520,2014,1,27,5,0,1,1,0
521,2014,1,33,5,4,1,1,0
522,2014,1,24,30,3,1,2,1
523,2014,1,7,30,3,1,1,0
524,2014,1,12,30,4,1,1,0
525,2014,1,0,30,5,1,1,0
526,2014,1,66,30,1,1,1,0
527,2014,1,27,30,0,1,1,0
528,2014,2,52,30,2,0,0,0
529,2014,1,11,30,5,1,1,0
530,2014,1,27,30,0,1,1,0
531,2014,1,27,30,0,1,1,0
532,2014,0,27,30,0,1,1,0
533,2014,1,27,30,0,1,1,0
534,2014,1,74,30,5,1,1,0
535,2014,1,27,30,0,1,1,0
536,2014,1,67,30,4,1,1,0
537,2014,1,27,30,0,1,1,0
538,2014,1,27,30,0,1,1,0
539,2014,1,27,30,0,1,1,0
540,2014,1,71,30,1,1,1,0
541,2014,0,59,30,5,1,1,0
542,2014,1,60,30,4,1,1,0
543,2017,1,30,16,4,1,1,1
544,2017,2,14,16,3,1,1,0
545,2017,1,7,16,3,1,1,0
546,2017,2,27,16,0,1,1,0
547,2017,2,27,16,0,1,1,0
548,2017,2,27,16,0,1,1,0
549,2017,2,27,16,0,1,1,0
550,2017,2,27,16,0,1,1,0
551,2017,2,27,16,0,1,1,0
552,2009,1,16,11,3,1,2,1
553,2009,0,24,11,3,1,1,0
554,2009,1,7,11,3,1,1,0
555,2009,0,11,11,5,1,1,0
556,2009,1,27,11,0,1,1,0
557,2009,1,27,11,0,1,1,0
558,2009,1,27,11,0,1,1,0
559,2009,1,24,10,3,1,1,1
560,2009,1,16,10,3,1,1,0
561,2009,1,7,10,3,1,1,0
562,2009,1,27,10,0,1,1,0
563,2009,1,78,10,1,1,1,0
564,2009,1,27,10,0,1,1,0
565,2009,1,27,10,0,1,1,0
566,2009,1,11,10,5,1,1,0
567,2009,1,27,10,0,1,1,0
568,2009,1,24,33,3,1,1,1
569,2009,0,16,33,3,1,2,0
570,2009,1,7,33,3,1,1,0
571,2009,1,27,33,0,1,1,0
572,2009,1,11,33,5,1,1,0
573,2009,0,27,33,0,1,1,0
574,2009,0,27,33,0,1,1,0
575,2009,1,27,33,0,1,1,0
576,2009,1,24,34,3,1,1,1
577,2009,1,12,34,4,1,1,0
578,2009,1,51,34,5,2,1,0
579,2009,1,7,34,3,1,1,0
580,2009,1,27,34,0,1,1,0
581,2009,1,27,34,0,1,1,0
582,2009,1,27,34,0,1,1,0
583,2009,1,27,34,0,1,1,0
584,2009,1,11,34,5,1,1,0
585,2009,1,27,34,0,1,1,0
586,2009,1,27,34,0,1,1,0
587,2009,1,27,34,0,1,1,0
588,2009,1,27,34,0,1,1,0
589,2009,1,24,14,3,1,1,1
590,2009,1,16,14,3,1,1,0
591,2009,1,7,14,3,1,1,0
592,2009,1,27,14,0,1,1,0
593,2009,1,11,14,5,1,1,0
594,2009,1,27,14,0,1,1,0
595,2009,1,27,14,0,1,1,0
596,2009,1,27,14,0,1,1,0
597,2009,1,27,14,0,1,1,0
598,2009,1,27,14,0,1,1,0
599,2009,1,27,14,0,1,1,0
600,2009,1,27,14,0,1,1,0
601,2009,1,27,14,0,1,1,0
602,2009,1,27,14,0,1,1,0
603,2009,1,27,14,0,1,1,0
604,2009,1,27,14,0,1,1,0
605,2009,1,47,15,4,1,2,1
606,2009,1,16,15,3,1,2,0
607,2009,1,7,15,3,1,1,0
608,2009,1,11,15,5,1,1,0
609,2009,1,47,26,4,1,1,1
610,2009,1,27,26,0,1,1,0
611,2009,1,7,26,3,1,1,0
612,2009,1,27,26,0,1,1,0
613,2009,1,27,26,0,1,1,0
614,2009,1,27,26,0,1,1,0
615,2009,1,11,26,5,1,1,0
616,2009,1,27,26,0,1,1,0
617,2009,1,27,26,0,1,1,0
618,2009,1,27,26,0,1,1,0
619,2009,1,27,26,0,1,1,0
620,2009,1,27,26,0,1,1,0
621,2009,1,27,26,0,1,1,0
622,2009,1,16,22,3,1,1,1
623,2009,1,24,22,3,1,1,0
624,2009,1,7,22,3,1,1,0
625,2009,1,27,22,0,1,1,0
626,2009,1,51,22,5,1,1,0
627,2009,1,27,22,0,1,1,0
628,2009,1,27,22,0,1,1,0
629,2009,1,27,22,0,1,1,0
630,2009,1,27,22,0,1,1,0
631,2009,1,11,22,5,1,1,0
632,2009,1,16,2,3,1,1,1
633,2009,1,24,2,3,1,1,0
634,2009,0,7,2,3,1,1,0
635,2009,1,27,2,0,1,1,0
636,2009,1,11,2,5,1,1,0
637,2009,1,13,2,1,1,1,0
638,2009,1,27,2,0,1,1,0
639,2009,1,27,2,0,1,1,0
640,2009,1,27,2,0,1,1,0
641,2009,1,24,31,3,1,1,1
642,2009,1,12,31,4,1,1,0
643,2009,0,7,31,3,1,1,0
644,2009,1,27,31,0,1,1,0
645,2009,1,11,31,5,1,1,0
646,2009,1,27,31,0,1,1,0
647,2009,1,27,31,0,1,1,0
648,2009,1,27,31,0,1,1,0
649,2009,1,27,31,0,1,1,0
650,2009,1,33,31,4,1,1,0
651,2009,1,27,31,0,1,1,0
652,2009,1,24,6,3,1,1,1
653,2009,1,16,6,3,1,1,0
654,2009,1,7,6,3,1,1,0
655,2009,1,27,6,0,1,1,0
656,2009,0,27,6,0,1,1,0
657,2009,1,11,6,5,1,1,0
658,2009,1,27,6,0,1,1,0
659,2009,1,27,6,0,1,1,0
660,2009,1,27,6,0,1,1,0
661,2009,1,42,6,5,1,1,0
662,2009,1,27,6,0,1,1,0
663,2009,1,24,8,3,1,1,1
664,2009,0,16,8,3,1,1,0
665,2009,1,7,8,3,1,1,0
666,2009,1,11,8,5,1,1,0
667,2009,0,27,8,0,1,1,0
668,2009,0,27,8,0,1,1,0
669,2009,1,42,8,5,1,1,0
670,2009,0,27,8,0,1,1,0
671,2009,1,27,8,0,1,1,0
672,2009,1,27,8,0,1,1,0
673,2009,1,24,9,3,1,1,1
674,2009,1,39,9,4,1,2,0
675,2009,1,7,9,3,1,1,0
676,2009,1,11,9,5,1,1,0
677,2009,1,79,9,1,1,1,0
678,2009,1,27,9,0,1,1,0
679,2009,1,27,9,0,1,1,0
680,2009,1,27,9,0,1,1,0
681,2009,1,27,9,0,1,1,0
682,2009,1,27,9,0,1,1,0
683,2009,1,41,13,4,1,1,1
684,2009,1,16,13,3,1,2,0
685,2009,1,7,13,3,1,1,0
686,2009,1,11,13,5,1,1,0
687,2009,1,27,13,0,1,2,0
688,2009,1,27,13,0,1,1,0
689,2009,1,27,13,0,1,1,0
690,2009,1,27,13,0,1,1,0
691,2009,1,27,13,0,1,1,0
692,2009,0,27,13,0,1,1,0
693,2009,1,27,13,0,1,1,0
694,2009,1,27,13,0,1,1,0
695,2009,1,27,13,0,1,1,0
696,2009,1,77,13,1,1,1,0
697,2009,1,27,13,0,1,1,0
698,2009,1,27,13,0,1,1,0
699,2009,1,27,13,0,1,1,0
700,2009,1,27,13,0,1,1,0
701,2009,1,27,13,0,1,1,0
702,2009,1,27,13,0,1,1,0
703,2009,1,24,1,3,1,1,1
704,2009,1,16,1,3,1,2,0
705,2009,1,27,1,0,1,1,0
706,2009,1,11,1,5,1,1,0
707,2009,1,27,1,0,1,1,0
708,2009,1,33,1,4,1,1,0
709,2009,1,24,18,3,1,1,1
710,2009,1,12,18,4,1,1,0
711,2009,1,7,18,3,1,1,0
712,2009,1,11,18,5,1,1,0
713,2009,1,27,18,0,1,1,0
714,2009,0,27,18,0,1,1,0
715,2009,1,27,18,0,1,1,0
716,2009,1,24,24,3,1,1,1
717,2009,1,16,24,3,1,1,0
718,2009,1,7,24,3,1,1,0
719,2009,1,11,24,5,1,1,0
720,2009,1,51,24,5,1,1,0
721,2009,1,27,24,0,1,1,0
722,2009,1,27,24,0,1,1,0
723,2009,1,27,24,0,1,1,0
724,2009,1,13,24,1,1,1,0
725,2009,1,27,24,0,1,1,0
726,2009,1,27,24,0,1,1,0
727,2009,1,27,24,0,1,1,0
728,2009,1,24,12,3,1,1,1
729,2009,1,16,12,3,1,2,0
730,2009,1,7,12,3,1,1,0
731,2009,1,11,12,5,1,1,0
732,2009,1,27,12,0,1,1,0
733,2009,1,27,12,0,1,1,0
734,2009,1,27,12,0,1,1,0
735,2009,1,27,12,0,1,1,0
736,2009,0,27,12,0,1,1,0
737,2009,1,27,12,0,1,1,0
738,2009,1,27,12,0,1,1,0
739,2009,1,16,5,3,1,1,1
740,2009,1,24,5,3,1,1,0
741,2009,1,7,5,3,1,1,0
742,2009,1,11,5,5,1,1,0
743,2009,1,27,5,0,1,1,0
744,2009,1,67,5,4,1,1,0
745,2009,1,27,5,0,1,1,0
746,2009,1,27,5,0,1,1,0
747,2009,1,27,5,0,1,1,0
748,2009,1,27,5,0,1,1,0
749,2009,1,27,5,0,1,1,0
750,2009,1,27,5,0,1,1,0
751,2009,1,27,5,0,1,1,0
752,2009,1,27,5,0,1,1,0
753,2009,1,24,30,3,1,1,1
754,2009,1,12,30,4,1,1,0
755,2009,1,11,30,5,2,1,0
756,2009,1,7,30,3,1,1,0
757,2009,1,51,30,5,2,1,0
758,2009,1,27,30,0,1,1,0
759,2009,1,27,30,0,1,1,0
760,2009,1,1,30,4,1,1,0
761,2009,1,27,30,0,1,1,0
762,2009,1,27,30,0,1,1,0
763,2009,1,27,30,0,1,1,0
764,2009,1,27,30,0,1,1,0
765,2009,1,27,30,0,1,1,0
766,2009,1,10,30,1,1,1,0
767,2009,1,27,30,0,1,1,0
768,2009,1,27,30,0,1,1,0
769,2004,1,16,11,3,1,1,1
770,2004,1,24,11,3,1,1,0
771,2004,1,7,11,3,1,1,0
772,2004,1,27,11,0,1,1,0
773,2004,1,11,11,5,1,1,0
774,2004,1,27,11,0,1,1,0
775,2004,1,27,11,0,1,1,0
776,2004,1,27,11,0,1,1,0
777,2004,1,27,11,0,1,1,0
778,2004,1,27,11,0,1,1,0
779,2004,1,16,10,3,1,2,1
780,2004,1,24,10,3,1,1,0
781,2004,1,7,10,3,1,1,0
782,2004,1,27,10,0,1,1,0
783,2004,1,27,10,0,1,1,0
784,2004,1,27,10,0,1,1,0
785,2004,1,27,10,0,1,1,0
786,2004,1,27,10,0,1,1,0
787,2004,1,27,10,0,1,1,0
788,2004,1,27,10,0,1,1,0
789,2004,0,16,33,3,1,1,1
790,2004,0,24,33,3,1,1,0
791,2004,1,7,33,3,1,1,0
792,2004,1,27,33,0,1,1,0
793,2004,1,27,33,0,1,1,0
794,2004,1,27,33,0,1,1,0
795,2004,1,32,14,4,2,1,1
796,2004,1,24,14,3,1,1,0
797,2004,1,7,14,3,1,1,0
798,2004,1,27,14,0,1,1,0
799,2004,1,27,14,0,1,1,0
800,2004,1,27,14,0,1,1,0
801,2004,1,27,14,0,1,1,0
802,2004,1,11,14,5,1,1,0
803,2004,1,27,14,0,1,1,0
804,2004,1,27,14,0,1,1,0
805,2004,0,27,14,0,1,1,0
806,2004,1,27,14,0,1,1,0
807,2004,1,27,14,0,1,1,0
808,2004,1,16,17,3,1,1,1
809,2004,1,47,17,4,1,1,0
810,2004,0,7,17,3,1,1,0
811,2004,1,27,17,0,1,1,0
812,2004,1,11,17,5,1,1,0
813,2004,1,47,26,4,1,2,1
814,2004,1,12,26,4,1,1,0
815,2004,1,7,26,3,1,1,0
816,2004,1,54,26,1,1,1,0
817,2004,1,27,26,0,1,1,0
818,2004,1,16,23,3,1,2,1
819,2004,1,24,23,3,1,1,0
820,2004,1,7,23,3,1,1,0
821,2004,1,27,23,0,1,1,0
822,2004,1,11,23,5,1,1,0
823,2004,1,27,23,0,1,1,0
824,2004,1,13,23,1,1,1,0
825,2004,1,16,21,3,1,2,1
826,2004,0,24,21,3,1,1,0
827,2004,1,7,21,3,1,1,0
828,2004,1,27,21,0,1,1,0
829,2004,1,11,21,5,1,1,0
830,2004,1,12,32,4,1,1,1
831,2004,1,24,32,3,1,2,0
832,2004,1,7,32,3,1,1,0
833,2004,1,27,32,0,1,1,0
834,2004,1,27,32,0,1,1,0
835,2004,1,11,32,5,1,1,0
836,2004,1,33,32,4,1,1,0
837,2004,1,27,32,0,1,1,0
838,2004,1,16,19,3,1,1,1
839,2004,0,24,19,3,1,1,0
840,2004,1,7,19,3,1,1,0
841,2004,0,27,19,0,1,1,0
842,2004,1,27,19,0,1,1,0
843,2004,1,27,19,0,1,1,0
844,2004,1,11,19,5,1,1,0
845,2004,1,27,19,0,1,1,0
846,2004,1,27,8,0,1,2,1
847,2004,1,24,8,3,1,1,0
848,2004,1,7,8,3,1,1,0
849,2004,0,27,8,0,1,1,0
850,2004,1,27,8,0,1,1,0
851,2004,1,27,8,0,1,1,0
852,2004,1,27,8,0,1,1,0
853,2004,1,27,8,0,1,1,0
854,2004,1,33,8,4,1,1,0
855,2004,1,22,20,1,2,2,1
856,2004,1,16,20,3,1,1,0
857,2004,1,41,20,4,1,1,0
858,2004,1,27,20,0,1,1,0
859,2004,1,27,20,0,1,1,0
860,2004,1,27,20,0,1,1,0
861,2004,1,27,20,0,1,1,0
862,2004,1,27,20,0,1,1,0
863,2004,1,27,20,0,1,1,0
864,2004,1,27,20,0,1,1,0
865,2004,1,27,20,0,1,1,0
866,2004,1,27,20,0,1,1,0
867,2004,1,27,20,0,1,1,0
868,2004,1,27,20,0,1,1,0
869,2004,1,27,20,0,1,1,0
870,2004,1,27,20,0,1,1,0
871,2004,1,16,13,3,1,2,1
872,2004,1,24,13,3,1,1,0
873,2004,1,7,13,3,1,1,0
874,2004,1,11,13,5,1,1,0
875,2004,0,27,13,0,1,1,0
876,2004,1,33,13,4,1,1,0
877,2004,1,27,13,0,1,1,0
878,2004,1,27,13,0,1,1,0
879,2004,1,39,9,4,1,2,1
880,2004,1,24,9,3,1,1,0
881,2004,1,7,9,3,1,1,0
882,2004,0,27,9,0,1,1,0
883,2004,1,27,9,0,1,1,0
884,2004,1,11,9,5,1,1,0
885,2004,1,27,9,0,1,1,0
886,2004,1,27,9,0,1,1,0
887,2004,1,27,9,0,1,1,0
888,2004,1,27,9,0,1,1,0
889,2004,1,16,3,3,1,1,1
890,2004,1,24,3,3,1,2,0
891,2004,1,7,3,3,1,1,0
892,2004,1,27,3,0,1,1,0
893,2004,1,33,3,4,1,1,0
894,2004,1,27,3,0,1,1,0
895,2004,1,27,3,0,1,1,0
896,2004,1,27,3,0,1,1,0
897,2004,0,16,18,3,1,1,1
898,2004,1,24,18,3,1,2,0
899,2004,1,7,18,3,2,1,0
900,2004,1,11,18,5,1,1,0
901,2004,1,69,18,1,1,1,0
902,2004,0,27,18,0,1,1,0
903,2004,1,27,18,0,1,1,0
904,2004,0,27,18,0,1,1,0
905,2004,1,12,0,4,1,1,1
906,2004,1,24,0,3,1,2,0
907,2004,1,7,0,3,1,1,0
908,2004,1,27,0,0,1,1,0
909,2004,1,11,0,5,1,1,0
910,2004,1,58,0,5,2,1,0
911,2004,1,16,27,3,1,2,1
912,2004,1,24,27,3,1,1,0
913,2004,1,7,27,3,1,1,0
914,2004,1,27,27,0,1,1,0
915,2004,1,11,27,5,1,1,0
916,2004,1,27,27,0,1,1,0
917,2004,0,27,27,0,1,1,0
918,2004,1,27,27,0,1,1,0
919,2004,0,27,27,0,1,1,0
920,2004,1,16,7,3,1,2,1
921,2004,1,24,7,3,1,1,0
922,2004,1,7,7,3,1,1,0
923,2004,1,11,7,5,1,1,0
924,2004,1,27,7,0,1,1,0
925,2004,1,27,7,0,1,1,0
926,2004,1,27,7,0,1,1,0
927,2004,1,27,7,0,1,1,0
928,2004,1,27,7,0,1,1,0
929,2004,1,27,7,0,1,1,0
930,2004,1,27,7,0,1,1,0
931,2004,1,12,30,4,1,1,1
932,2004,1,24,30,3,1,2,0
933,2004,1,7,30,3,1,1,0
934,2004,1,11,30,5,1,1,0
935,2004,1,27,30,0,1,1,0
936,2004,1,27,30,0,1,1,0
937,2004,1,3,30,1,1,1,0
938,2004,1,27,30,0,1,1,0
939,2004,1,27,30,0,1,1,0
940,2004,1,27,30,0,1,1,0
941,2004,1,27,30,0,1,1,0
942,2004,1,27,30,0,1,1,0
943,2004,1,27,30,0,1,1,0
944,2004,1,27,30,0,1,1,0
945,2004,1,27,30,0,1,1,0
946,2005,1,12,30,4,1,1,1
947,2005,1,24,30,3,1,1,0
948,2005,1,7,30,3,1,1,0
949,2005,1,27,30,0,1,1,0
950,2005,1,27,30,0,1,1,0
951,2005,1,27,30,0,1,1,0
952,2005,1,27,30,0,1,1,0
953,2005,1,27,30,0,1,1,0
954,2005,1,27,30,0,1,1,0
955,2005,1,27,30,0,1,1,0
956,2005,1,27,30,0,1,1,0
957,2005,1,27,30,0,1,1,0
958,2005,0,27,30,0,1,1,0
959,2005,1,27,30,0,1,1,0
960,2005,1,27,30,0,1,1,0
961,1999,1,16,11,3,1,2,1
962,1999,1,24,11,3,1,1,0
963,1999,1,7,11,3,1,1,0
964,1999,0,67,11,4,1,1,0
965,1999,1,27,11,0,1,1,0
966,1999,1,27,11,0,1,1,0
967,1999,1,27,11,0,1,1,0
968,1999,1,27,11,0,1,1,0
969,1999,1,16,10,3,1,1,1
970,1999,1,24,10,3,1,2,0
971,1999,1,33,10,4,2,1,0
972,1999,1,27,10,0,1,1,0
973,1999,1,27,10,0,1,1,0
974,1999,1,27,10,0,1,1,0
975,1999,1,27,10,0,1,1,0
976,1999,0,16,33,3,1,2,1
977,1999,1,24,33,3,1,1,0
978,1999,1,7,33,3,1,1,0
979,1999,1,27,33,0,1,1,0
980,1999,1,27,33,0,1,1,0
981,1999,1,27,33,0,1,1,0
982,1999,1,24,14,3,1,1,1
983,1999,1,32,14,4,1,1,0
984,1999,1,7,14,3,1,1,0
985,1999,1,27,14,0,1,1,0
986,1999,1,27,14,0,1,1,0
987,1999,1,27,14,0,1,1,0
988,1999,0,27,14,0,1,1,0
989,1999,1,47,17,4,1,2,1
990,1999,1,16,17,3,1,1,0
991,1999,1,33,17,4,1,1,0
992,1999,1,47,26,4,1,2,1
993,1999,1,12,26,4,1,1,0
994,1999,1,7,26,3,1,1,0
995,1999,1,27,26,0,1,1,0
996,1999,1,57,26,5,1,1,0
997,1999,1,16,23,3,1,2,1
998,1999,0,24,23,3,1,1,0
999,1999,1,7,23,3,1,1,0
1000,1999,1,11,23,5,1,1,0
1001,1999,1,27,23,0,1,1,0
1002,1999,1,57,23,5,1,1,0
1003,1999,1,16,21,3,1,2,1
1004,1999,1,24,21,3,1,1,0
1005,1999,1,7,21,3,1,1,0
1006,1999,1,24,32,3,1,2,1
1007,1999,1,12,32,4,1,2,0
1008,1999,1,33,32,4,1,1,0
1009,1999,1,27,32,0,1,1,0
1010,1999,1,27,32,0,1,1,0
1011,1999,1,27,32,0,1,1,0
1012,1999,1,27,32,0,1,1,0
1013,1999,1,24,19,3,1,2,1
1014,1999,1,16,19,3,1,1,0
1015,1999,1,71,19,1,1,1,0
1016,1999,1,27,19,0,1,1,0
1017,1999,0,27,19,0,1,1,0
1018,1999,1,27,19,0,1,1,0
1019,1999,1,11,19,5,1,1,0
1020,1999,1,27,19,0,1,1,0
1021,1999,1,27,19,0,1,1,0
1022,1999,1,24,8,3,1,2,1
1023,1999,1,27,8,0,1,1,0
1024,1999,0,7,8,3,1,1,0
1025,1999,1,27,8,0,1,1,0
1026,1999,1,27,8,0,1,1,0
1027,1999,1,27,8,0,1,1,0
1028,1999,1,27,8,0,1,1,0
1029,1999,1,57,8,5,2,1,0
1030,1999,1,41,20,4,1,2,1
1031,1999,1,16,20,3,1,1,0
1032,1999,1,7,20,3,1,1,0
1033,1999,1,27,20,0,1,1,0
1034,1999,1,27,20,0,1,1,0
1035,1999,1,27,20,0,1,1,0
1036,1999,1,16,13,3,1,2,1
1037,1999,1,24,13,3,1,2,0
1038,1999,1,7,13,3,1,1,0
1039,1999,1,11,13,5,1,1,0
1040,1999,0,27,13,0,1,1,0
1041,1999,1,27,13,0,1,1,0
1042,1999,1,27,13,0,1,1,0
1043,1999,1,27,13,0,1,1,0
1044,1999,1,39,9,4,1,1,1
1045,1999,1,24,9,3,1,2,0
1046,1999,1,33,9,4,1,1,0
1047,1999,1,27,9,0,1,1,0
1048,1999,1,11,9,5,1,1,0
1049,1999,1,27,9,0,1,1,0
1050,1999,1,27,9,0,1,1,0
1051,1999,1,27,9,0,1,1,0
1052,1999,1,27,9,0,1,1,0
1053,1999,1,27,9,0,1,1,0
1054,1999,1,24,3,3,1,2,1
1055,1999,1,16,3,3,1,1,0
1056,1999,1,7,3,3,1,1,0
1057,1999,1,27,3,0,1,1,0
1058,1999,1,27,3,0,1,1,0
1059,1999,0,27,3,0,1,1,0
1060,1999,1,27,3,0,1,1,0
1061,1999,1,27,3,0,1,1,0
1062,1999,1,24,18,3,1,1,1
1063,1999,1,27,18,0,1,1,0
1064,1999,1,7,18,3,1,1,0
1065,1999,1,27,18,0,1,1,0
1066,1999,1,27,18,0,1,1,0
1067,1999,1,27,18,0,1,1,0
1068,1999,1,24,0,3,1,1,1
1069,1999,1,12,0,4,1,2,0
1070,1999,1,7,0,3,1,1,0
1071,1999,0,11,0,5,1,1,0
1072,1999,1,27,0,0,1,1,0
1073,1999,1,16,27,3,1,1,1
1074,1999,1,24,27,3,1,1,0
1075,1999,0,33,27,4,2,1,0
1076,1999,1,27,27,0,1,1,0
1077,1999,1,27,27,0,1,1,0
1078,1999,0,27,27,0,1,1,0
1079,1999,1,27,27,0,1,1,0
1080,1999,1,27,27,0,1,1,0
1081,1999,0,27,27,0,1,1,0
1082,1999,1,16,7,3,1,2,1
1083,1999,1,24,7,3,1,1,0
1084,1999,1,7,7,3,1,1,0
1085,1999,1,27,7,0,1,1,0
1086,1999,1,27,7,0,1,1,0
1087,1999,1,27,7,0,1,1,0
1088,1999,1,27,7,0,1,1,0
1089,1999,1,27,7,0,1,1,0
1090,1999,1,27,7,0,1,1,0
1091,1999,1,24,30,3,1,1,1
1092,1999,1,12,30,4,1,1,0
1093,1999,1,7,30,3,1,1,0
1094,1999,0,27,30,0,1,1,0
1095,1999,1,27,30,0,1,1,0
1096,1999,1,27,30,0,1,1,0
1097,1999,1,2,30,1,1,1,0
1098,1999,1,27,30,0,1,1,0
1099,1999,1,27,30,0,1,1,0
1100,1999,1,67,30,4,1,1,0
1101,1999,1,27,30,0,1,1,0
1102,1999,1,27,30,0,1,1,0
1103,2003,1,27,8,0,1,1,1
1104,2003,1,24,8,3,1,1,0
1105,2003,1,27,8,0,1,1,0
1106,2003,1,27,8,0,1,1,0
1107,2003,1,27,8,0,1,1,0
1108,2003,1,27,8,0,1,1,0
1109,2003,1,27,8,0,1,1,0
1110,1998,1,16,11,3,1,2,1
1111,1998,1,24,11,3,1,1,0
1112,1998,1,7,11,3,1,1,0
1113,1998,1,28,11,1,1,1,0
1114,1998,1,67,11,4,1,1,0
1115,1998,1,27,11,0,1,1,0
1116,1998,1,24,10,3,1,2,1
1117,1998,1,27,10,0,1,1,0
1118,1998,1,7,10,3,1,1,0
1119,1998,1,28,10,1,1,1,0
1120,1998,1,27,10,0,1,1,0
1121,1998,1,78,10,1,1,1,0
1122,1998,1,27,10,0,1,1,0
1123,1998,0,16,33,3,1,1,1
1124,1998,1,24,33,3,1,1,0
1125,1998,1,7,33,3,1,1,0
1126,1998,1,28,33,1,1,1,0
1127,1998,1,27,33,0,1,1,0
1128,1998,1,27,33,0,1,1,0
1129,1998,1,24,14,3,1,1,1
1130,1998,1,31,14,3,1,2,0
1131,1998,1,7,14,3,1,1,0
1132,1998,1,28,14,1,1,1,0
1133,1998,1,27,14,0,1,1,0
1134,1998,1,27,14,0,1,1,0
1135,1998,1,47,17,4,2,2,1
1136,1998,1,16,17,3,1,1,0
1137,1998,0,7,17,3,1,1,0
1138,1998,1,28,17,1,1,1,0
1139,1998,1,47,26,4,2,2,1
1140,1998,0,12,26,4,1,1,0
1141,1998,0,7,26,3,1,1,0
1142,1998,1,54,26,1,1,1,0
1143,1998,1,27,26,0,1,1,0
1144,1998,1,16,23,3,1,2,1
1145,1998,1,24,23,3,1,1,0
1146,1998,1,7,23,3,1,1,0
1147,1998,1,27,23,0,1,1,0
1148,1998,1,11,23,5,1,1,0
1149,1998,1,27,23,0,1,1,0
1150,1998,1,27,23,0,1,1,0
1151,1998,1,16,21,3,1,2,1
1152,1998,0,24,21,3,1,1,0
1153,1998,1,7,21,3,1,1,0
1154,1998,1,27,21,0,1,1,0
1155,1998,1,12,32,4,1,2,1
1156,1998,1,24,32,3,1,1,0
1157,1998,1,7,32,3,1,1,0
1158,1998,1,36,32,4,1,1,0
1159,1998,1,27,32,0,1,1,0
1160,1998,1,64,32,3,1,1,0
1161,1998,1,24,19,3,1,2,1
1162,1998,1,16,19,3,1,1,0
1163,1998,1,7,19,3,1,1,0
1164,1998,1,11,19,5,1,1,0
1165,1998,1,67,19,4,1,1,0
1166,1998,1,27,19,0,1,1,0
1167,1998,1,24,8,3,1,1,1
1168,1998,1,27,8,0,1,2,0
1169,1998,1,7,8,3,1,1,0
1170,1998,1,27,8,0,1,1,0
1171,1998,1,41,20,4,1,2,1
1172,1998,1,31,20,3,1,1,0
1173,1998,1,7,20,3,1,1,0
1174,1998,1,54,20,1,1,1,0
1175,1998,1,27,20,0,1,1,0
1176,1998,1,16,13,3,1,1,1
1177,1998,1,24,13,3,1,2,0
1178,1998,1,7,13,3,1,1,0
1179,1998,1,11,13,5,1,1,0
1180,1998,1,53,13,4,1,1,0
1181,1998,1,27,13,0,1,1,0
1182,1998,1,24,9,3,1,2,1
1183,1998,1,39,9,4,1,1,0
1184,1998,1,7,9,3,1,1,0
1185,1998,1,11,9,5,1,1,0
1186,1998,1,27,9,0,1,1,0
1187,1998,1,27,9,0,1,2,0
1188,1998,1,27,9,0,1,1,0
1189,1998,1,27,9,0,1,1,0
1190,1998,1,27,9,0,1,1,0
1191,1998,1,24,3,3,1,2,1
1192,1998,0,16,3,3,1,1,0
1193,1998,0,7,3,3,1,1,0
1194,1998,0,27,3,0,1,1,0
1195,1998,1,24,18,3,1,2,1
1196,1998,1,27,18,0,1,1,0
1197,1998,1,7,18,3,1,1,0
1198,1998,1,11,18,5,1,1,0
1199,1998,1,27,18,0,1,1,0
1200,1998,1,12,0,4,1,1,1
1201,1998,1,24,0,3,1,2,0
1202,1998,1,7,0,3,1,1,0
1203,1998,1,27,0,0,1,1,0
1204,1998,1,27,0,0,1,1,0
1205,1998,1,61,27,4,1,2,1
1206,1998,1,24,27,3,1,1,0
1207,1998,0,7,27,3,1,1,0
1208,1998,1,27,27,0,1,1,0
1209,1998,1,27,27,0,1,1,0
1210,1998,1,27,27,0,1,1,0
1211,1998,1,27,27,0,1,1,0
1212,1998,1,16,7,3,1,1,1
1213,1998,1,24,7,3,1,1,0
1214,1998,1,7,7,3,1,1,0
1215,1998,1,11,7,5,1,1,0
1216,1998,1,27,7,0,1,1,0
1217,1998,1,27,7,0,1,1,0
1218,1998,1,27,7,0,1,1,0
1219,1998,1,27,7,0,1,1,0
1220,1998,0,27,7,0,1,1,0
1221,1998,1,24,30,3,1,1,1
1222,1998,1,12,30,4,1,2,0
1223,1998,1,7,30,3,1,1,0
1224,1998,1,11,30,5,1,1,0
1225,1998,1,27,30,0,1,1,0
1226,1998,1,27,30,0,1,1,0
1227,1998,1,27,30,0,1,1,0
1228,1998,1,27,30,0,1,1,0
1229,1998,1,27,30,0,1,1,0
1230,1996,1,16,11,3,1,1,1
1231,1996,1,24,11,3,1,1,0
1232,1996,1,7,11,3,1,1,0
1233,1996,1,27,11,0,1,1,0
1234,1996,1,27,11,0,1,1,0
1235,1996,1,27,11,0,1,1,0
1236,1996,1,27,11,0,1,1,0
1237,1996,1,27,11,0,1,1,0
1238,1996,1,27,11,0,1,1,0
1239,1996,1,27,11,0,1,1,0
1240,1996,1,27,11,0,1,1,0
1241,1996,1,27,11,0,1,1,0
1242,1996,0,27,11,0,1,1,0
1243,1996,1,27,11,0,1,1,0
1244,1996,1,27,11,0,1,1,0
1245,1996,1,27,11,0,1,1,0
1246,1996,1,27,11,0,1,1,0
1247,1996,1,27,11,0,1,1,0
1248,1996,1,27,11,0,1,1,0
1249,1996,1,27,11,0,1,1,0
1250,1996,1,24,10,3,1,2,1
1251,1996,1,20,10,4,2,1,0
1252,1996,1,7,10,3,1,1,0
1253,1996,1,27,10,0,1,1,0
1254,1996,1,27,10,0,1,1,0
1255,1996,0,27,10,0,1,1,0
1256,1996,1,27,10,0,1,1,0
1257,1996,1,27,10,0,1,1,0
1258,1996,1,27,10,0,1,1,0
1259,1996,1,16,33,3,1,1,1
1260,1996,1,24,33,3,2,2,0
1261,1996,1,7,33,3,1,1,0
1262,1996,1,27,33,0,1,1,0
1263,1996,1,27,33,0,1,1,0
1264,1996,1,54,33,1,1,1,0
1265,1996,1,27,33,0,1,1,0
1266,1996,1,27,33,0,1,1,0
1267,1996,1,64,33,3,1,1,0
1268,1996,1,27,33,0,1,1,0
1269,1996,1,31,14,3,1,1,1
1270,1996,1,24,14,3,1,2,0
1271,1996,1,7,14,3,1,1,0
1272,1996,1,27,14,0,1,1,0
1273,1996,1,27,14,0,1,1,0
1274,1996,1,27,14,0,1,1,0
1275,1996,1,27,14,0,1,1,0
1276,1996,1,27,14,0,1,1,0
1277,1996,1,27,14,0,1,1,0
1278,1996,1,27,14,0,1,1,0
1279,1996,1,27,14,0,1,1,0
1280,1996,1,47,17,4,1,2,1
1281,1996,1,16,17,3,1,1,0
1282,1996,1,7,17,3,1,1,0
1283,1996,1,54,17,1,1,1,0
1284,1996,1,27,17,0,1,1,0
1285,1996,1,27,17,0,1,1,0
1286,1996,1,28,17,1,1,1,0
1287,1996,1,27,17,0,1,1,0
1288,1996,1,27,17,0,1,1,0
1289,1996,1,27,17,0,1,1,0
1290,1996,1,47,26,4,1,1,1
1291,1996,1,12,26,4,1,1,0
1292,1996,1,7,26,3,1,1,0
1293,1996,1,54,26,1,1,1,0
1294,1996,1,27,26,0,1,1,0
1295,1996,0,27,26,0,1,1,0
1296,1996,1,27,26,0,1,1,0
1297,1996,1,16,23,3,1,1,1
1298,1996,1,24,23,3,1,2,0
1299,1996,1,7,23,3,1,1,0
1300,1996,1,36,23,4,1,1,0
1301,1996,1,27,23,0,1,1,0
1302,1996,1,54,23,1,1,1,0
1303,1996,1,27,23,0,1,1,0
1304,1996,1,27,23,0,1,1,0
1305,1996,1,27,23,0,1,1,0
1306,1996,1,27,23,0,1,1,0
1307,1996,1,27,23,0,1,1,0
1308,1996,1,27,23,0,1,1,0
1309,1996,1,27,23,0,1,1,0
1310,1996,1,27,23,0,1,1,0
1311,1996,1,27,23,0,1,1,0
1312,1996,1,27,23,0,1,1,0
1313,1996,1,27,23,0,1,1,0
1314,1996,1,16,21,3,1,1,1
1315,1996,0,24,21,3,1,1,0
1316,1996,1,7,21,3,1,1,0
1317,1996,1,54,21,1,1,1,0
1318,1996,1,12,32,4,1,1,1
1319,1996,1,24,32,3,1,1,0
1320,1996,0,7,32,3,1,1,0
1321,1996,1,27,32,0,1,1,0
1322,1996,1,27,32,0,1,1,0
1323,1996,1,27,32,0,1,1,0
1324,1996,1,27,32,0,1,1,0
1325,1996,1,27,32,0,1,1,0
1326,1996,1,27,32,0,1,1,0
1327,1996,1,27,32,0,1,1,0
1328,1996,1,27,32,0,1,1,0
1329,1996,1,27,32,0,1,1,0
1330,1996,1,27,32,0,1,1,0
1331,1996,1,27,32,0,1,1,0
1332,1996,1,27,32,0,1,1,0
1333,1996,1,27,32,0,1,1,0
1334,1996,1,27,32,0,1,1,0
1335,1996,1,27,32,0,1,1,0
1336,1996,1,27,32,0,1,1,0
1337,1996,1,27,32,0,1,1,0
1338,1996,1,24,19,3,1,2,1
1339,1996,1,16,19,3,1,1,0
1340,1996,1,7,19,3,1,1,0
1341,1996,1,27,19,0,1,1,0
1342,1996,1,27,19,0,1,1,0
1343,1996,1,27,19,0,1,1,0
1344,1996,1,27,19,0,1,1,0
1345,1996,1,27,8,0,1,1,1
1346,1996,1,24,8,3,1,2,0
1347,1996,1,7,8,3,1,1,0
1348,1996,1,27,8,0,1,1,0
1349,1996,1,27,8,0,1,1,0
1350,1996,1,27,8,0,1,1,0
1351,1996,1,67,8,4,1,1,0
1352,1996,1,27,8,0,1,1,0
1353,1996,1,27,8,0,1,1,0
1354,1996,1,27,8,0,1,1,0
1355,1996,1,27,8,0,1,1,0
1356,1996,1,27,8,0,1,1,0
1357,1996,1,27,8,0,1,1,0
1358,1996,1,27,8,0,1,1,0
1359,1996,1,27,8,0,1,1,0
1360,1996,1,27,8,0,1,1,0
1361,1996,1,41,20,4,1,2,1
1362,1996,1,27,20,0,1,1,0
1363,1996,1,7,20,3,1,1,0
1364,1996,1,27,20,0,1,1,0
1365,1996,1,27,20,0,1,1,0
1366,1996,1,27,20,0,1,1,0
1367,1996,1,27,20,0,1,1,0
1368,1996,0,27,20,0,1,1,0
1369,1996,1,27,20,0,1,1,0
1370,1996,1,27,20,0,1,1,0
1371,1996,1,24,13,3,1,2,1
1372,1996,0,31,13,3,1,1,0
1373,1996,1,27,13,0,1,1,0
1374,1996,1,11,13,5,1,1,0
1375,1996,1,27,13,0,1,1,0
1376,1996,1,27,13,0,1,1,0
1377,1996,1,36,13,4,1,1,0
1378,1996,1,27,13,0,1,1,0
1379,1996,1,27,13,0,1,1,0
1380,1996,1,27,13,0,1,1,0
1381,1996,1,27,13,0,1,1,0
1382,1996,1,67,13,4,1,1,0
1383,1996,1,27,13,0,1,1,0
1384,1996,1,27,13,0,1,1,0
1385,1996,1,27,13,0,1,1,0
1386,1996,1,27,13,0,1,1,0
1387,1996,1,27,13,0,1,1,0
1388,1996,1,27,13,0,1,1,0
1389,1996,1,27,13,0,1,1,0
1390,1996,1,27,13,0,1,1,0
1391,1996,1,24,9,3,1,1,1
1392,1996,1,39,9,4,1,1,0
1393,1996,1,7,9,3,1,1,0
1394,1996,1,11,9,5,1,1,0
1395,1996,1,27,9,0,1,1,0
1396,1996,1,27,9,0,1,1,0
1397,1996,1,27,9,0,1,1,0
1398,1996,1,27,9,0,1,1,0
1399,1996,1,27,9,0,1,1,0
1400,1996,1,24,3,3,1,1,1
1401,1996,1,16,3,3,1,2,0
1402,1996,1,7,3,3,1,1,0
1403,1996,1,54,3,1,1,1,0
1404,1996,1,27,3,0,1,1,0
1405,1996,1,27,3,0,1,1,0
1406,1996,1,27,3,0,1,1,0
1407,1996,1,27,3,0,1,1,0
1408,1996,1,24,18,3,1,2,1
1409,1996,1,16,18,3,1,1,0
1410,1996,1,7,18,3,1,1,0
1411,1996,1,27,18,0,1,1,0
1412,1996,1,27,18,0,1,1,0
1413,1996,1,27,18,0,1,1,0
1414,1996,1,24,0,3,1,2,1
1415,1996,1,12,0,4,1,1,0
1416,1996,1,7,0,3,1,1,0
1417,1996,1,27,0,0,1,1,0
1418,1996,1,27,0,0,1,1,0
1419,1996,1,36,0,4,1,1,0
1420,1996,1,27,0,0,1,1,0
1421,1996,1,61,27,4,1,1,1
1422,1996,1,24,27,3,1,2,0
1423,1996,0,27,27,0,1,1,0
1424,1996,1,19,27,5,1,1,0
1425,1996,1,27,27,0,1,1,0
1426,1996,1,27,27,0,1,1,0
1427,1996,1,27,27,0,1,1,0
1428,1996,1,27,27,0,1,1,0
1429,1996,1,27,27,0,1,1,0
1430,1996,1,27,27,0,1,1,0
1431,1996,1,36,27,4,1,1,0
1432,1996,1,16,7,3,1,1,1
1433,1996,1,24,7,3,1,1,0
1434,1996,1,7,7,3,1,1,0
1435,1996,1,54,7,1,1,1,0
1436,1996,0,27,7,0,1,1,0
1437,1996,1,27,7,0,1,1,0
1438,1996,1,27,7,0,1,1,0
1439,1996,1,67,7,4,1,1,0
1440,1996,1,27,7,0,1,1,0
1441,1996,0,36,7,4,1,1,0
1442,1996,1,27,7,0,1,1,0
1443,1996,1,27,7,0,1,1,0
1444,1996,1,27,7,0,1,1,0
1445,1996,1,27,7,0,1,1,0
1446,1996,1,27,7,0,1,1,0
1447,1996,1,27,7,0,1,1,0
1448,1996,1,27,7,0,1,1,0
1449,1996,1,12,30,4,1,1,1
1450,1996,1,24,30,3,1,2,0
1451,1996,1,7,30,3,1,1,0
1452,1996,1,11,30,5,1,1,0
1453,1996,1,27,30,0,1,1,0
1454,1996,1,36,30,4,1,1,0
1455,1996,1,27,30,0,1,1,0
1456,1996,1,27,30,0,1,1,0
1457,1996,1,27,30,0,1,1,0
1458,1996,1,27,30,0,1,1,0
1459,1996,1,27,30,0,1,1,0
1460,1996,1,27,30,0,1,1,0
1461,1996,1,27,30,0,1,1,0
1462,1997,1,27,8,0,1,1,1
1463,1997,1,24,8,3,1,1,0
1464,1997,1,54,8,1,1,1,0
1465,1997,1,27,8,0,1,1,0
1466,1997,1,27,8,0,1,1,0
1467,1997,1,27,8,0,1,1,0
1468,1997,1,27,8,0,1,1,0
1469,1997,1,27,8,0,1,1,0
1470,1991,1,16,11,3,1,2,1
1471,1991,1,24,11,3,1,1,0
1472,1991,1,7,11,3,1,1,0
1473,1991,1,27,11,0,1,1,0
1474,1991,1,27,11,0,1,1,0
1475,1991,1,27,11,0,1,1,0
1476,1991,0,27,11,0,1,1,0
1477,1991,1,27,11,0,1,1,0
1478,1991,1,27,11,0,1,1,0
1479,1991,1,27,11,0,1,1,0
1480,1991,1,36,11,4,1,1,0
1481,1991,1,27,11,0,1,1,0
1482,1991,1,27,11,0,1,1,0
1483,1991,1,27,11,0,1,1,0
1484,1991,1,27,11,0,1,1,0
1485,1991,1,24,10,3,1,2,1
1486,1991,1,16,10,3,1,1,0
1487,1991,1,7,10,3,1,1,0
1488,1991,1,27,10,0,1,1,0
1489,1991,1,27,10,0,1,1,0
1490,1991,1,27,10,0,1,1,0
1491,1991,1,43,10,3,1,1,0
1492,1991,1,27,10,0,1,1,0
1493,1991,1,27,10,0,1,1,0
1494,1991,1,27,10,0,1,1,0
1495,1991,1,21,33,5,1,2,1
1496,1991,1,27,33,0,1,1,0
1497,1991,1,27,33,0,1,1,0
1498,1991,1,36,33,4,1,1,0
1499,1991,1,27,33,0,1,1,0
1500,1991,1,27,33,0,1,1,0
1501,1991,1,27,33,0,1,1,0
1502,1991,1,27,33,0,1,1,0
1503,1991,1,27,33,0,1,1,0
1504,1991,1,24,14,3,1,2,1
1505,1991,1,31,14,3,2,1,0
1506,1991,1,7,14,3,1,1,0
1507,1991,1,27,14,0,1,1,0
1508,1991,1,11,14,5,1,1,0
1509,1991,1,27,14,0,1,1,0
1510,1991,1,27,14,0,1,1,0
1511,1991,1,27,14,0,1,1,0
1512,1991,1,27,14,0,1,1,0
1513,1991,0,27,14,0,1,1,0
1514,1991,1,27,14,0,1,1,0
1515,1991,1,27,14,0,1,1,0
1516,1991,1,47,17,4,1,1,1
1517,1991,1,27,17,0,1,1,0
1518,1991,0,7,17,3,1,1,0
1519,1991,1,27,17,0,1,1,0
1520,1991,1,27,17,0,1,1,0
1521,1991,1,27,17,0,1,1,0
1522,1991,1,27,17,0,1,1,0
1523,1991,1,27,17,0,1,1,0
1524,1991,1,27,17,0,1,1,0
1525,1991,1,27,17,0,1,1,0
1526,1991,1,47,26,4,1,2,1
1527,1991,1,12,26,4,1,1,0
1528,1991,1,7,26,3,1,1,0
1529,1991,1,27,26,0,1,1,0
1530,1991,1,27,26,0,1,1,0
1531,1991,1,27,26,0,1,1,0
1532,1991,1,27,26,0,1,1,0
1533,1991,1,27,26,0,1,1,0
1534,1991,1,24,23,3,1,1,1
1535,1991,1,16,23,3,1,2,0
1536,1991,0,7,23,3,1,1,0
1537,1991,1,36,23,4,1,1,0
1538,1991,1,27,23,0,1,1,0
1539,1991,1,27,23,0,1,1,0
1540,1991,1,24,21,3,1,2,1
1541,1991,1,16,21,3,1,1,0
1542,1991,1,7,21,3,1,1,0
1543,1991,1,27,21,0,1,1,0
1544,1991,1,24,32,3,1,1,1
1545,1991,1,12,32,4,1,1,0
1546,1991,1,7,32,3,1,1,0
1547,1991,1,27,32,0,1,1,0
1548,1991,1,27,32,0,1,1,0
1549,1991,1,27,32,0,1,1,0
1550,1991,1,27,32,0,1,1,0
1551,1991,1,27,32,0,1,1,0
1552,1991,0,24,19,3,1,2,1
1553,1991,1,16,19,3,1,1,0
1554,1991,1,7,19,3,1,1,0
1555,1991,1,27,19,0,1,1,0
1556,1991,1,27,19,0,1,1,0
1557,1991,1,27,19,0,1,1,0
1558,1991,1,24,8,3,1,2,1
1559,1991,1,16,8,3,1,1,0
1560,1991,1,7,8,3,1,1,0
1561,1991,1,27,8,0,1,1,0
1562,1991,1,27,8,0,1,1,0
1563,1991,1,27,8,0,1,1,0
1564,1991,1,36,8,4,1,1,0
1565,1991,1,27,8,0,1,1,0
1566,1991,1,27,8,0,1,1,0
1567,1991,0,43,8,3,1,1,0
1568,1991,1,17,8,1,1,1,0
1569,1991,1,11,8,5,1,1,0
1570,1991,1,27,8,0,1,1,0
1571,1991,1,27,8,0,1,1,0
1572,1991,1,27,8,0,1,1,0
1573,1991,1,27,8,0,1,1,0
1574,1991,1,41,20,4,1,2,1
1575,1991,1,27,20,0,1,1,0
1576,1991,1,7,20,3,1,1,0
1577,1991,1,18,20,1,1,1,0
1578,1991,1,11,20,5,1,1,0
1579,1991,1,27,20,0,1,1,0
1580,1991,1,36,20,4,1,1,0
1581,1991,1,27,20,0,1,1,0
1582,1991,1,27,20,0,1,1,0
1583,1991,1,17,20,1,1,1,0
1584,1991,1,24,13,3,1,2,1
1585,1991,1,31,13,3,1,1,0
1586,1991,1,7,13,3,1,1,0
1587,1991,1,11,13,5,1,1,0
1588,1991,1,27,13,0,1,1,0
1589,1991,1,17,13,1,1,1,0
1590,1991,1,27,13,0,1,1,0
1591,1991,1,27,13,0,1,1,0
1592,1991,1,27,13,0,1,1,0
1593,1991,1,27,13,0,1,1,0
1594,1991,1,24,9,3,1,2,1
1595,1991,1,39,9,4,1,1,0
1596,1991,1,7,9,3,1,1,0
1597,1991,1,27,9,0,1,1,0
1598,1991,1,11,9,5,1,1,0
1599,1991,1,27,9,0,1,1,0
1600,1991,1,27,9,0,1,1,0
1601,1991,1,27,9,0,1,1,0
1602,1991,1,27,9,0,1,1,0
1603,1991,1,27,9,0,1,1,0
1604,1991,1,27,9,0,1,1,0
1605,1991,1,27,9,0,1,1,0
1606,1991,1,27,9,0,1,1,0
1607,1991,1,16,3,3,1,1,1
1608,1991,1,24,3,3,1,2,0
1609,1991,1,7,3,3,1,1,0
1610,1991,1,27,3,0,1,1,0
1611,1991,1,27,3,0,1,1,0
1612,1991,1,27,3,0,1,1,0
1613,1991,1,27,3,0,1,1,0
1614,1991,1,24,18,3,1,2,1
1615,1991,1,16,18,3,1,1,0
1616,1991,1,7,18,3,1,1,0
1617,1991,1,36,18,4,1,1,0
1618,1991,1,27,18,0,1,1,0
1619,1991,1,11,18,5,1,1,0
1620,1991,1,24,0,3,1,2,1
1621,1991,0,12,0,4,1,1,0
1622,1991,1,7,0,3,1,1,0
1623,1991,1,27,0,0,1,1,0
1624,1991,1,27,0,0,1,1,0
1625,1991,1,11,0,5,1,1,0
1626,1991,1,24,27,3,1,2,1
1627,1991,1,61,27,4,1,1,0
1628,1991,1,7,27,3,1,1,0
1629,1991,1,27,27,0,1,1,0
1630,1991,1,27,27,0,1,1,0
1631,1991,1,43,27,3,1,1,0
1632,1991,1,27,27,0,1,1,0
1633,1991,1,27,27,0,1,1,0
1634,1991,0,16,7,3,1,1,1
1635,1991,1,24,7,3,1,2,0
1636,1991,1,7,7,3,1,1,0
1637,1991,1,59,7,5,1,1,0
1638,1991,1,27,7,0,1,1,0
1639,1991,1,27,7,0,1,1,0
1640,1991,0,27,7,0,1,1,0
1641,1991,1,27,7,0,1,1,0
1642,1991,1,27,7,0,1,1,0
1643,1991,1,24,30,3,1,2,1
1644,1991,0,12,30,4,1,1,0
1645,1991,1,7,30,3,1,1,0
1646,1991,1,59,30,5,1,1,0
1647,1991,1,11,30,5,1,1,0
1648,1991,1,27,30,0,1,1,0
1649,1993,2,16,21,3,1,1,1
1650,1993,2,24,21,3,1,1,0
1651,1993,2,7,21,3,1,1,0
1652,1993,2,27,21,0,1,1,0
1653,1993,2,27,21,0,1,1,0
1654,1993,2,27,21,0,1,1,0
1655,1993,2,27,21,0,1,1,0
1656,1993,2,27,21,0,1,1,0
1657,1993,2,27,21,0,1,1,0
1658,1993,2,11,21,5,1,1,0
1659,1989,1,16,11,3,1,1,1
1660,1989,1,24,11,3,1,2,0
1661,1989,1,7,11,3,1,1,0
1662,1989,1,27,11,0,1,1,0
1663,1989,0,27,11,0,1,1,0
1664,1989,1,27,11,0,1,1,0
1665,1989,1,27,11,0,1,1,0
1666,1989,1,27,11,0,1,1,0
1667,1989,1,27,11,0,1,1,0
1668,1989,1,27,11,0,1,1,0
1669,1989,1,27,11,0,1,1,0
1670,1989,1,27,11,0,1,1,0
1671,1989,1,24,10,3,1,2,1
1672,1989,1,16,10,3,1,1,0
1673,1989,1,7,10,3,1,1,0
1674,1989,1,35,10,3,1,1,0
1675,1989,1,27,10,0,1,1,0
1676,1989,1,27,10,0,1,1,0
1677,1989,1,27,10,0,1,1,0
1678,1989,0,27,10,0,1,1,0
1679,1989,1,27,10,0,1,1,0
1680,1989,1,21,33,5,2,2,1
1681,1989,1,24,33,3,1,1,0
1682,1989,1,7,33,3,1,1,0
1683,1989,1,27,33,0,1,1,0
1684,1989,1,35,33,3,1,1,0
1685,1989,1,27,33,0,1,1,0
1686,1989,1,27,33,0,1,1,0
1687,1989,1,27,33,0,1,1,0
1688,1989,1,27,33,0,1,1,0
1689,1989,1,27,33,0,1,1,0
1690,1989,1,27,33,0,1,1,0
1691,1989,1,24,14,3,1,1,1
1692,1989,1,16,14,3,1,1,0
1693,1989,1,7,14,3,1,1,0
1694,1989,1,35,14,3,1,1,0
1695,1989,1,27,14,0,1,1,0
1696,1989,1,27,14,0,1,1,0
1697,1989,1,27,14,0,1,1,0
1698,1989,1,27,14,0,1,1,0
1699,1989,1,27,14,0,1,1,0
1700,1989,1,27,14,0,1,1,0
1701,1989,1,47,17,4,1,2,1
1702,1989,1,27,17,0,1,1,0
1703,1989,0,7,17,3,1,1,0
1704,1989,1,27,17,0,1,1,0
1705,1989,1,11,17,5,1,1,0
1706,1989,1,27,17,0,1,1,0
1707,1989,1,27,17,0,1,1,0
1708,1989,1,27,17,0,1,1,0
1709,1989,1,27,17,0,1,1,0
1710,1989,1,27,17,0,1,1,0
1711,1989,1,27,17,0,1,1,0
1712,1989,1,27,17,0,1,1,0
1713,1989,1,27,17,0,1,1,0
1714,1989,1,35,17,3,1,1,0
1715,1989,1,27,17,0,1,1,0
1716,1989,1,27,17,0,1,1,0
1717,1989,1,47,26,4,1,2,1
1718,1989,1,12,26,4,1,1,0
1719,1989,1,7,26,3,1,1,0
1720,1989,1,35,26,3,1,1,0
1721,1989,1,27,26,0,1,1,0
1722,1989,1,27,26,0,1,1,0
1723,1989,1,27,26,0,1,1,0
1724,1989,1,16,23,3,1,1,1
1725,1989,1,24,23,3,1,2,0
1726,1989,1,7,23,3,1,1,0
1727,1989,1,27,23,0,1,1,0
1728,1989,1,27,23,0,1,1,0
1729,1989,1,27,23,0,1,1,0
1730,1989,1,35,23,3,1,1,0
1731,1989,1,27,23,0,1,1,0
1732,1989,1,27,23,0,1,1,0
1733,1989,1,27,23,0,1,1,0
1734,1989,1,27,23,0,1,1,0
1735,1989,1,27,23,0,1,1,0
1736,1989,1,27,23,0,1,1,0
1737,1989,1,27,23,0,1,1,0
1738,1989,1,27,23,0,1,1,0
1739,1989,1,24,21,3,1,2,1
1740,1989,1,16,21,3,1,1,0
1741,1989,1,7,21,3,1,1,0
1742,1989,1,35,21,3,1,1,0
1743,1989,1,27,21,0,1,1,0
1744,1989,1,27,21,0,1,1,0
1745,1989,1,11,21,5,1,1,0
1746,1989,1,27,21,0,1,1,0
1747,1989,1,24,32,3,1,2,1
1748,1989,0,12,32,4,1,1,0
1749,1989,1,7,32,3,1,1,0
1750,1989,1,27,32,0,1,1,0
1751,1989,1,27,32,0,1,1,0
1752,1989,1,27,32,0,1,1,0
1753,1989,1,27,32,0,1,1,0
1754,1989,1,27,32,0,1,1,0
1755,1989,0,27,32,0,1,1,0
1756,1989,1,27,32,0,1,1,0
1757,1989,0,24,19,3,1,1,1
1758,1989,1,16,19,3,1,1,0
1759,1989,1,7,19,3,1,1,0
1760,1989,1,35,19,3,1,1,0
1761,1989,1,27,19,0,1,1,0
1762,1989,1,27,19,0,1,1,0
1763,1989,1,27,19,0,1,1,0
1764,1989,1,27,19,0,1,1,0
1765,1989,1,27,19,0,1,1,0
1766,1989,1,27,19,0,1,1,0
1767,1989,1,27,19,0,1,1,0
1768,1989,1,24,8,3,1,2,1
1769,1989,1,27,8,0,1,1,0
1770,1989,1,7,8,3,1,1,0
1771,1989,1,27,8,0,1,1,0
1772,1989,1,27,8,0,1,1,0
1773,1989,1,35,8,3,1,1,0
1774,1989,1,27,8,0,1,1,0
1775,1989,1,27,8,0,1,1,0
1776,1989,1,27,8,0,1,1,0
1777,1989,1,27,8,0,1,1,0
1778,1989,1,27,8,0,1,1,0
1779,1989,1,27,8,0,1,1,0
1780,1989,1,11,8,5,1,1,0
1781,1989,1,41,20,4,1,1,1
1782,1989,1,27,20,0,1,1,0
1783,1989,1,39,20,4,1,1,0
1784,1989,1,7,20,3,1,1,0
1785,1989,1,27,20,0,1,1,0
1786,1989,1,27,20,0,1,1,0
1787,1989,1,27,20,0,1,1,0
1788,1989,1,27,20,0,1,1,0
1789,1989,1,27,20,0,1,1,0
1790,1989,1,27,20,0,1,1,0
1791,1989,1,27,20,0,1,1,0
1792,1989,1,27,20,0,1,1,0
1793,1989,1,18,20,1,1,1,0
1794,1989,1,27,20,0,1,1,0
1795,1989,1,24,13,3,1,1,1
1796,1989,1,16,13,3,1,2,0
1797,1989,1,7,13,3,1,1,0
1798,1989,1,11,13,5,1,1,0
1799,1989,1,35,13,3,1,1,0
1800,1989,1,18,13,1,1,1,0
1801,1989,1,27,13,0,1,1,0
1802,1989,1,27,13,0,1,1,0
1803,1989,1,27,13,0,1,1,0
1804,1989,1,27,13,0,1,1,0
1805,1989,1,24,9,3,1,1,1
1806,1989,0,16,9,3,1,1,0
1807,1989,1,7,9,3,1,1,0
1808,1989,1,11,9,5,1,1,0
1809,1989,1,35,9,3,1,1,0
1810,1989,1,18,9,1,1,1,0
1811,1989,1,27,9,0,1,1,0
1812,1989,1,27,9,0,1,1,0
1813,1989,1,27,9,0,1,1,0
1814,1989,1,27,9,0,1,1,0
1815,1989,1,27,9,0,1,1,0
1816,1989,1,27,9,0,1,1,0
1817,1989,1,27,9,0,1,1,0
1818,1989,1,27,9,0,1,1,0
1819,1989,1,27,9,0,1,1,0
1820,1989,1,24,3,3,1,2,1
1821,1989,1,16,3,3,1,1,0
1822,1989,1,7,3,3,1,1,0
1823,1989,1,35,3,3,1,1,0
1824,1989,1,73,3,5,1,1,0
1825,1989,1,27,3,0,1,1,0
1826,1989,1,24,18,3,1,2,1
1827,1989,1,31,18,3,2,2,0
1828,1989,1,7,18,3,1,1,0
1829,1989,1,35,18,3,1,1,0
1830,1989,1,27,18,0,1,1,0
1831,1989,1,11,18,5,1,1,0
1832,1989,1,27,18,0,1,1,0
1833,1989,1,27,18,0,1,1,0
1834,1989,1,27,18,0,1,1,0
1835,1989,1,27,18,0,1,1,0
1836,1989,1,24,0,3,1,1,1
1837,1989,1,12,0,4,1,1,0
1838,1989,1,7,0,3,1,1,0
1839,1989,1,35,0,3,1,1,0
1840,1989,1,11,0,5,1,1,0
1841,1989,1,27,0,0,1,1,0
1842,1989,1,27,0,0,1,1,0
1843,1989,1,27,0,0,1,1,0
1844,1989,1,24,27,3,1,2,1
1845,1989,1,61,27,4,1,1,0
1846,1989,1,7,27,3,1,1,0
1847,1989,1,27,27,0,1,1,0
1848,1989,1,27,27,0,1,1,0
1849,1989,1,35,27,3,1,1,0
1850,1989,1,27,27,0,1,1,0
1851,1989,1,27,27,0,1,1,0
1852,1989,1,27,27,0,1,1,0
1853,1989,1,24,7,3,1,2,1
1854,1989,0,16,7,3,1,1,0
1855,1989,1,7,7,3,1,1,0
1856,1989,1,35,7,3,1,1,0
1857,1989,1,27,7,0,1,1,0
1858,1989,1,11,7,5,1,1,0
1859,1989,1,27,7,0,1,1,0
1860,1989,1,27,7,0,1,1,0
1861,1989,1,27,7,0,1,1,0
1862,1989,1,24,30,3,1,2,1
1863,1989,1,27,30,0,1,1,0
1864,1989,1,7,30,3,1,1,0
1865,1989,1,27,30,0,1,1,0
1866,1989,1,27,30,0,1,1,0
1867,1989,1,27,30,0,1,1,0
1868,1989,1,27,30,0,1,1,0
1869,1989,1,35,30,3,1,1,0
1870,1989,1,27,30,0,1,1,0
1871,1989,1,27,30,0,1,1,0
1872,1989,1,27,30,0,1,1,0
1873,1989,1,27,30,0,1,1,0
1874,1989,1,27,30,0,1,1,0
1875,1989,1,27,30,0,1,1,0
1876,1989,1,27,30,0,1,1,0
1877,1984,1,24,11,3,1,1,1
1878,1984,1,16,11,3,1,2,0
1879,1984,1,7,11,3,1,1,0
1880,1984,1,27,11,0,1,1,0
1881,1984,1,27,11,0,1,1,0
1882,1984,1,24,10,3,1,1,1
1883,1984,1,16,10,3,1,1,0
1884,1984,1,27,10,0,1,1,0
1885,1984,1,27,10,0,1,1,0
1886,1984,1,27,10,0,1,1,0
1887,1984,1,20,33,3,2,2,1
1888,1984,1,27,33,0,1,1,0
1889,1984,1,7,33,3,1,1,0
1890,1984,1,27,33,0,1,1,0
1891,1984,1,27,33,0,1,1,0
1892,1984,1,27,33,0,1,1,0
1893,1984,0,27,33,0,1,1,0
1894,1984,1,27,33,0,1,1,0
1895,1984,1,24,14,3,1,1,1
1896,1984,1,23,14,4,1,1,0
1897,1984,1,27,14,0,1,1,0
1898,1984,1,27,14,0,1,1,0
1899,1984,1,27,14,0,1,1,0
1900,1984,1,27,14,0,1,1,0
1901,1984,1,27,14,0,1,1,0
1902,1984,1,47,17,4,1,2,1
1903,1984,1,16,17,3,1,2,0
1904,1984,1,7,17,3,2,1,0
1905,1984,1,27,17,0,1,1,0
1906,1984,0,27,17,0,1,1,0
1907,1984,1,27,17,0,1,1,0
1908,1984,1,27,17,0,1,1,0
1909,1984,1,47,26,4,1,2,1
1910,1984,1,12,26,4,1,1,0
1911,1984,1,27,26,0,1,1,0
1912,1984,1,27,26,0,1,1,0
1913,1984,1,27,26,0,1,1,0
1914,1984,1,27,26,0,1,1,0
1915,1984,1,24,23,3,1,2,1
1916,1984,1,16,23,3,1,1,0
1917,1984,0,27,23,0,1,1,0
1918,1984,1,27,23,0,1,1,0
1919,1984,1,27,23,0,1,1,0
1920,1984,1,27,23,0,1,1,0
1921,1984,1,27,23,0,1,1,0
1922,1984,1,27,23,0,1,1,0
1923,1984,1,27,23,0,1,1,0
1924,1984,1,24,21,3,1,1,1
1925,1984,1,16,21,3,1,2,0
1926,1984,1,27,21,0,1,1,0
1927,1984,1,27,21,0,1,1,0
1928,1984,1,24,32,3,1,1,1
1929,1984,1,12,32,4,1,1,0
1930,1984,1,27,32,0,1,1,0
1931,1984,1,27,32,0,1,1,0
1932,1984,1,27,32,0,1,1,0
1933,1984,1,27,32,0,1,1,0
1934,1984,1,27,32,0,1,1,0
1935,1984,1,27,32,0,1,1,0
1936,1984,1,27,32,0,1,1,0
1937,1984,1,27,32,0,1,1,0
1938,1984,1,27,32,0,1,1,0
1939,1984,1,40,19,4,1,1,1
1940,1984,1,16,19,3,1,2,0
1941,1984,1,27,19,0,1,1,0
1942,1984,1,27,19,0,1,1,0
1943,1984,1,27,19,0,1,1,0
1944,1984,1,27,19,0,1,1,0
1945,1984,1,27,19,0,1,1,0
1946,1984,1,24,8,3,1,1,1
1947,1984,1,20,8,3,1,1,0
1948,1984,1,7,8,3,1,1,0
1949,1984,1,27,8,0,1,1,0
1950,1984,1,27,8,0,1,1,0
1951,1984,1,27,8,0,1,1,0
1952,1984,1,27,8,0,1,1,0
1953,1984,1,27,8,0,1,1,0
1954,1984,1,27,8,0,1,1,0
1955,1984,1,27,8,0,1,1,0
1956,1984,0,27,8,0,1,1,0
1957,1984,1,27,8,0,1,1,0
1958,1984,1,27,8,0,1,1,0
1959,1984,1,27,8,0,1,1,0
1960,1984,1,40,20,4,1,2,1
1961,1984,1,16,20,3,1,1,0
1962,1984,1,27,20,0,1,1,0
1963,1984,1,27,20,0,1,1,0
1964,1984,1,27,20,0,1,1,0
1965,1984,1,27,20,0,1,1,0
1966,1984,1,16,13,3,1,1,1
1967,1984,1,39,13,4,1,2,0
1968,1984,1,27,13,0,1,1,0
1969,1984,1,27,13,0,1,1,0
1970,1984,1,27,13,0,1,1,0
1971,1984,1,27,13,0,1,1,0
1972,1984,1,27,13,0,1,1,0
1973,1984,1,24,9,3,2,2,1
1974,1984,1,12,9,4,1,1,0
1975,1984,1,27,9,0,1,1,0
1976,1984,1,27,9,0,1,1,0
1977,1984,1,27,9,0,1,1,0
1978,1984,1,27,9,0,1,1,0
1979,1984,1,27,9,0,1,1,0
1980,1984,1,27,9,0,1,1,0
1981,1984,1,24,3,3,1,1,1
1982,1984,0,16,3,3,1,2,0
1983,1984,0,27,3,0,1,1,0
1984,1984,1,27,3,0,1,1,0
1985,1984,1,27,3,0,1,1,0
1986,1984,1,27,3,0,1,1,0
1987,1984,1,34,18,3,1,1,1
1988,1984,1,27,18,0,1,1,0
1989,1984,1,7,18,3,1,1,0
1990,1984,1,27,18,0,1,1,0
1991,1984,1,27,18,0,1,1,0
1992,1984,1,27,18,0,1,1,0
1993,1984,1,24,0,3,2,2,1
1994,1984,1,12,0,4,1,1,0
1995,1984,1,27,0,0,1,1,0
1996,1984,1,27,0,0,1,1,0
1997,1984,1,24,27,3,1,1,1
1998,1984,1,27,27,0,1,1,0
1999,1984,1,27,27,0,1,1,0
2000,1984,1,27,27,0,1,1,0
2001,1984,1,27,27,0,1,1,0
2002,1984,1,27,27,0,1,1,0
2003,1984,1,27,27,0,1,1,0
2004,1984,1,27,27,0,1,1,0
2005,1984,1,24,7,3,1,1,1
2006,1984,1,16,7,3,1,1,0
2007,1984,1,27,7,0,1,1,0
2008,1984,1,27,7,0,1,1,0
2009,1984,1,27,7,0,1,1,0
2010,1984,1,27,7,0,1,1,0
2011,1984,1,27,7,0,1,1,0
2012,1984,1,27,7,0,1,1,0
2013,1984,1,27,7,0,1,1,0
2014,1984,1,24,30,3,1,1,1
2015,1984,1,43,30,3,2,2,0
2016,1984,1,27,30,0,1,1,0
2017,1984,1,27,30,0,1,1,0
2018,1984,1,27,30,0,1,1,0
2019,1984,1,27,30,0,1,1,0
2020,1984,1,27,30,0,1,1,0
2021,1984,0,27,30,0,1,1,0
2022,1984,1,27,30,0,1,1,0
2023,1984,1,27,30,0,1,1,0
2024,1984,1,27,30,0,1,1,0
2025,1984,1,27,30,0,1,1,0
2026,1984,1,27,30,0,1,1,0
2027,1984,1,27,30,0,1,1,0
2028,1980,1,16,11,3,1,1,1
2029,1980,1,34,11,3,1,1,0
2030,1980,1,27,11,0,1,1,0
2031,1980,1,27,11,0,1,1,0
2032,1980,1,27,11,0,1,1,0
2033,1980,1,26,10,3,2,2,1
2034,1980,1,25,10,3,1,1,0
2035,1980,1,27,10,0,1,1,0
2036,1980,1,26,33,3,2,2,1
2037,1980,1,25,33,3,1,1,0
2038,1980,1,16,14,3,2,1,1
2039,1980,1,34,14,3,2,1,0
2040,1980,1,27,14,0,1,1,0
2041,1980,1,27,14,0,1,1,0
2042,1980,1,47,17,4,1,2,1
2043,1980,1,23,17,4,1,1,0
2044,1980,1,27,17,0,1,1,0
2045,1980,1,47,26,4,1,2,1
2046,1980,1,26,26,3,1,1,0
2047,1980,1,27,26,0,1,1,0
2048,1980,1,25,23,3,1,1,1
2049,1980,1,16,23,3,1,1,0
2050,1980,1,27,23,0,1,1,0
2051,1980,1,27,23,0,1,1,0
2052,1980,1,27,23,0,1,1,0
2053,1980,1,16,21,3,1,1,1
2054,1980,1,25,21,3,1,1,0
2055,1980,1,27,21,0,1,1,0
2056,1980,1,16,32,3,2,2,1
2057,1980,1,25,32,3,1,1,0
2058,1980,1,34,32,3,2,1,0
2059,1980,1,27,32,0,1,1,0
2060,1980,1,27,32,0,1,1,0
2061,1980,1,27,32,0,1,1,0
2062,1980,1,27,32,0,1,1,0
2063,1980,1,27,32,0,1,1,0
2064,1980,1,27,32,0,1,1,0
2065,1980,1,16,19,3,1,1,1
2066,1980,1,27,19,0,1,1,0
2067,1980,1,27,19,0,1,1,0
2068,1980,1,27,19,0,1,1,0
2069,1980,0,27,19,0,1,1,0
2070,1980,1,25,8,3,1,1,1
2071,1980,1,26,8,3,2,2,0
2072,1980,1,27,8,0,1,1,0
2073,1980,1,27,8,0,1,1,0
2074,1980,1,27,8,0,1,1,0
2075,1980,1,27,8,0,1,1,0
2076,1980,1,27,20,0,1,1,1
2077,1980,1,39,20,4,1,2,0
2078,1980,1,27,20,0,1,1,0
2079,1980,1,27,20,0,1,1,0
2080,1980,1,27,20,0,1,1,0
2081,1980,1,27,20,0,1,1,0
2082,1980,1,39,13,4,1,2,1
2083,1980,1,25,13,3,1,1,0
2084,1980,1,27,13,0,1,1,0
2085,1980,1,27,13,0,1,1,0
2086,1980,1,27,13,0,1,1,0
2087,1980,1,16,9,3,1,1,1
2088,1980,1,27,9,0,1,1,0
2089,1980,1,27,9,0,1,1,0
2090,1980,1,27,9,0,1,1,0
2091,1980,1,27,9,0,1,1,0
2092,1980,1,27,9,0,1,1,0
2093,1980,0,16,3,3,1,1,1
2094,1980,1,34,3,3,1,1,0
2095,1980,1,27,3,0,1,1,0
2096,1980,1,27,3,0,1,1,0
2097,1980,1,26,18,3,1,1,1
2098,1980,1,27,18,0,1,1,0
2099,1980,1,27,18,0,1,1,0
2100,1980,1,27,18,0,1,1,0
2101,1980,1,12,0,4,1,2,1
2102,1980,1,25,0,3,1,1,0
2103,1980,1,27,0,0,1,1,0
2104,1980,1,27,0,0,1,1,0
2105,1980,1,25,27,3,1,2,1
2106,1980,1,61,27,4,1,2,0
2107,1980,1,73,27,5,1,1,0
2108,1980,1,25,7,3,1,1,1
2109,1980,1,26,7,3,2,2,0
2110,1980,1,27,7,0,1,1,0
2111,1980,1,27,7,0,1,1,0
2112,1980,1,27,7,0,1,1,0
2113,1980,1,25,30,3,1,1,1
2114,1980,1,12,30,4,1,2,0
2115,1980,1,27,30,0,1,1,0
2116,1980,1,27,30,0,1,1,0
2117,1980,1,27,30,0,1,1,0
2118,1980,1,27,30,0,1,1,0
2119,1980,1,27,30,0,1,1,0
2120,1980,1,27,30,0,1,1,0
2121,1977,1,24,11,3,1,2,1
2122,1977,1,16,11,3,1,1,0
2123,1977,1,12,10,4,1,2,1
2124,1977,1,16,10,3,1,1,0
2125,1977,1,27,10,0,1,1,0
2126,1977,1,24,33,3,1,2,1
2127,1977,1,9,33,3,2,1,0
2128,1977,1,24,14,3,1,1,1
2129,1977,0,9,14,3,1,1,0
2130,1977,1,47,17,4,1,2,1
2131,1977,1,46,17,1,1,1,0
2132,1977,1,47,26,4,1,1,1
2133,1977,1,46,26,1,1,1,0
2134,1977,1,24,23,3,1,1,1
2135,1977,1,16,23,3,1,1,0
2136,1977,1,27,23,0,1,1,0
2137,1977,1,24,21,3,1,1,1
2138,1977,1,16,21,3,1,1,0
2139,1977,1,12,32,4,1,1,1
2140,1977,1,16,32,3,1,1,0
2141,1977,1,27,32,0,1,1,0
2142,1977,1,27,32,0,1,1,0
2143,1977,1,27,32,0,1,1,0
2144,1977,1,24,19,3,1,2,1
2145,1977,1,27,19,0,1,1,0
2146,1977,1,27,19,0,1,1,0
2147,1977,1,27,19,0,1,1,0
2148,1977,1,27,19,0,1,1,0
2149,1977,1,24,8,3,1,2,1
2150,1977,1,16,8,3,1,1,0
2151,1977,1,27,8,0,1,1,0
2152,1977,1,27,8,0,1,1,0
2153,1977,1,39,20,4,1,1,1
2154,1977,1,38,20,1,1,1,0
2155,1977,1,39,13,4,1,1,1
2156,1977,1,38,13,1,2,2,0
2157,1977,1,27,13,0,1,1,0
2158,1977,1,27,13,0,1,1,0
2159,1977,1,24,9,3,1,2,1
2160,1977,1,38,9,1,2,2,0
2161,1977,1,27,9,0,1,1,0
2162,1977,1,27,9,0,1,1,0
2163,1977,1,27,9,0,1,1,0
2164,1977,1,27,9,0,1,1,0
2165,1977,1,27,9,0,1,1,0
2166,1977,1,24,3,3,1,1,1
2167,1977,1,16,3,3,1,1,0
2168,1977,1,24,18,3,1,1,1
2169,1977,1,27,18,0,1,1,0
2170,1977,1,27,18,0,1,1,0
2171,1977,1,12,0,4,1,1,1
2172,1977,1,16,0,3,1,1,0
2173,1977,1,27,0,0,1,1,0
2174,1977,1,61,27,4,1,2,1
2175,1977,1,27,27,0,1,1,0
2176,1977,1,73,27,5,1,1,0
2177,1977,0,27,27,0,1,1,0
2178,1977,1,27,27,0,1,1,0
2179,1977,1,24,7,3,1,2,1
2180,1977,1,16,7,3,1,1,0
2181,1977,1,12,30,4,1,1,1
2182,1977,1,9,30,3,2,1,0
2183,1977,0,27,30,0,1,1,0
2184,1971,1,24,11,3,1,1,1
2185,1971,1,16,11,3,1,2,0
2186,1971,1,8,11,3,1,1,0
2187,1971,1,27,11,0,1,1,0
2188,1971,1,12,28,4,1,1,1
2189,1971,1,16,28,3,1,2,0
2190,1971,1,50,28,3,1,1,0
2191,1971,1,27,28,0,1,1,0
2192,1971,1,24,33,3,1,1,1
2193,1971,1,27,33,0,1,1,0
2194,1971,1,29,33,1,2,2,0
2195,1971,0,27,33,0,1,1,0
2196,1971,1,47,14,4,1,2,1
2197,1971,1,27,14,0,1,1,0
2198,1971,1,72,14,3,1,1,0
2199,1971,1,47,17,4,1,2,1
2200,1971,1,27,17,0,1,1,0
2201,1971,1,8,17,3,1,1,0
2202,1971,1,16,26,3,1,1,1
2203,1971,1,24,26,3,1,1,0
2204,1971,1,8,26,3,1,1,0
2205,1971,1,16,23,3,1,2,1
2206,1971,1,27,23,0,1,1,0
2207,1971,1,27,23,0,1,1,0
2208,1971,1,12,32,4,1,2,1
2209,1971,1,16,32,3,1,1,0
2210,1971,1,50,32,3,1,1,0
2211,1971,1,27,32,0,1,1,0
2212,1971,1,27,32,0,1,1,0
2213,1971,1,24,19,3,2,2,1
2214,1971,1,16,19,3,1,1,0
2215,1971,1,72,19,3,1,1,0
2216,1971,1,24,8,3,1,1,1
2217,1971,1,16,8,3,1,2,0
2218,1971,1,50,8,3,1,1,0
2219,1971,1,24,20,3,1,1,1
2220,1971,1,27,20,0,1,1,0
2221,1971,1,39,25,4,1,1,1
2222,1971,1,27,25,0,1,1,0
2223,1971,1,76,25,3,1,1,0
2224,1971,1,27,25,0,1,1,0
2225,1971,1,27,25,0,1,1,0
2226,1971,1,39,13,4,1,1,1
2227,1971,1,27,13,0,1,1,0
2228,1971,1,50,13,3,2,1,0
2229,1971,1,61,4,4,1,1,1
2230,1971,0,16,4,3,1,2,0
2231,1971,1,27,4,0,1,1,0
2232,1971,1,39,18,4,1,1,1
2233,1971,1,16,18,3,1,1,0
2234,1971,1,27,18,0,1,1,0
2235,1971,0,12,0,4,1,1,1
2236,1971,1,16,0,3,1,1,0
2237,1971,1,27,0,0,1,1,0
2238,1971,1,27,0,0,1,1,0
2239,1971,1,27,0,0,1,1,0
2240,1971,1,61,27,4,1,2,1
2241,1971,1,27,27,0,1,1,0
2242,1971,1,27,27,0,1,1,0
2243,1971,1,24,7,3,1,1,1
2244,1971,1,16,7,3,1,1,0
2245,1971,1,27,7,0,1,1,0
2246,1971,1,27,30,0,1,2,1
2247,1971,1,56,30,3,1,1,0
2248,1971,1,27,30,0,1,1,0
2249,1971,1,27,30,0,1,1,0
2250,1971,1,27,30,0,1,1,0
2251,1967,1,16,11,3,2,2,1
2252,1967,1,24,11,3,1,1,0
2253,1967,1,8,11,3,1,1,0
2254,1967,1,16,28,3,1,1,1
2255,1967,1,24,28,3,1,1,0
2256,1967,1,72,33,3,1,1,1
2257,1967,1,24,33,3,1,1,0
2258,1967,1,47,14,4,1,1,1
2259,1967,1,24,14,3,1,1,0
2260,1967,1,8,14,3,1,1,0
2261,1967,1,47,17,4,1,2,1
2262,1967,0,24,17,3,1,1,0
2263,1967,1,16,26,3,1,1,1
2264,1967,1,24,26,3,1,1,0
2265,1967,1,8,26,3,1,1,0
2266,1967,1,16,23,3,1,1,1
2267,1967,1,24,23,3,1,1,0
2268,1967,1,27,23,0,1,1,0
2269,1967,1,12,32,4,1,1,1
2270,1967,1,24,32,3,1,1,0
2271,1967,1,27,32,0,1,1,0
2272,1967,1,76,32,3,1,1,0
2273,1967,1,24,19,3,1,2,1
2274,1967,1,27,19,0,1,1,0
2275,1967,1,27,19,0,1,1,0
2276,1967,1,16,8,3,1,1,1
2277,1967,1,24,8,3,1,2,0
2278,1967,1,27,8,0,1,1,0
2279,1967,1,8,8,3,1,1,0
2280,1967,1,27,8,0,1,1,0
2281,1967,1,16,20,3,1,1,1
2282,1967,1,24,20,3,1,1,0
2283,1967,0,39,20,4,1,1,0
2284,1967,1,27,20,0,1,1,0
2285,1967,1,12,25,4,1,2,1
2286,1967,1,76,25,3,1,1,0
2287,1967,1,24,25,3,1,1,0
2288,1967,1,16,13,3,1,1,1
2289,1967,1,24,13,3,1,2,0
2290,1967,1,39,13,4,1,1,0
2291,1967,1,27,13,0,1,1,0
2292,1967,0,16,4,3,1,1,1
2293,1967,1,24,4,3,1,1,0
2294,1967,1,76,4,3,1,1,0
2295,1967,1,27,4,0,1,1,0
2296,1967,1,72,18,3,1,1,1
2297,1967,1,24,18,3,1,1,0
2298,1967,1,39,18,4,1,1,0
2299,1967,1,12,0,4,1,1,1
2300,1967,1,24,0,3,1,2,0
2301,1967,1,39,0,4,1,1,0
2302,1967,1,27,27,0,1,2,1
2303,1967,1,24,27,3,1,1,0
2304,1967,1,39,27,4,1,1,0
2305,1967,1,16,7,3,1,1,1
2306,1967,1,24,7,3,1,1,0
2307,1967,1,56,7,3,1,1,0
2308,1967,1,72,30,3,1,1,1
2309,1967,1,24,30,3,1,1,0
2310,1967,1,27,30,0,1,1,0
2311,1967,1,27,30,0,1,1,0
2312,1970,1,49,19,1,1,1,1
2313,1970,2,27,19,0,1,1,0
2314,1970,2,27,19,0,1,1,0
2315,1970,2,27,19,0,1,1,0
2316,1962,1,12,11,4,1,1,1
2317,1962,1,56,11,3,1,1,0
2318,1962,1,37,11,3,1,1,0
2319,1962,1,27,11,0,1,1,0
2320,1962,1,27,28,0,1,1,1
2321,1962,1,24,28,3,1,1,0
2322,1962,1,27,33,0,1,1,1
2323,1962,1,56,33,3,1,1,0
2324,1962,1,45,14,1,1,1,1
2325,1962,1,12,14,4,1,1,0
2326,1962,1,24,14,3,1,1,0
2327,1962,1,37,14,3,1,1,0
2328,1962,1,45,17,1,1,1,1
2329,1962,1,12,17,4,1,1,0
2330,1962,1,24,17,3,1,1,0
2331,1962,1,12,23,4,1,1,1
2332,1962,1,24,23,3,1,1,0
2333,1962,1,37,23,3,1,1,0
2334,1962,1,12,26,4,1,1,1
2335,1962,1,24,26,3,1,1,0
2336,1962,1,45,26,1,1,1,0
2337,1962,1,37,26,3,1,1,0
2338,1962,1,12,32,4,1,1,1
2339,1962,1,24,32,3,1,1,0
2340,1962,1,24,19,3,1,1,1
2341,1962,1,12,19,4,1,1,0
2342,1962,1,27,19,0,1,1,0
2343,1962,1,24,8,3,1,1,1
2344,1962,1,12,8,4,1,1,0
2345,1962,1,27,8,0,1,1,0
2346,1962,1,24,20,3,1,1,1
2347,1962,1,12,20,4,1,1,0
2348,1962,1,24,13,3,1,1,1
2349,1962,1,12,13,4,1,1,0
2350,1962,1,12,4,4,1,1,1
2351,1962,1,56,4,3,1,1,0
2352,1962,1,24,29,3,1,1,1
2353,1962,1,12,29,4,1,1,0
2354,1962,1,27,29,0,1,1,0
2355,1962,1,27,29,0,1,1,0
2356,1962,1,24,18,3,1,1,1
2357,1962,1,12,18,4,1,1,0
2358,1962,1,27,18,0,1,1,0
2359,1962,1,61,27,4,1,1,1
2360,1962,0,24,27,3,1,1,0
2361,1962,1,12,7,4,1,1,1
2362,1962,1,24,7,3,1,1,0
2363,1962,1,27,30,0,1,1,1
2364,1962,1,56,30,3,1,1,0
2365,1962,1,76,30,3,1,1,0
